q_sim,q_obs
9.815567894278437e-05,1.06
0.00010557589737141763,1.03
0.00010182169355327912,0.94
9.850343153792957e-05,0.9
9.485198599877978e-05,0.88
9.190546348492424e-05,0.82
9.150348775182685e-05,0.82
9.23411363027588e-05,0.8
0.00010974148334302276,0.83
0.0001800702860258236,1.1
0.0002547497319265263,1.12
0.00028350423170555694,0.87
0.0002992816763209055,0.92
0.00029646911167069287,0.82
0.0002971899542068336,0.76
0.0003041311496793773,0.74
0.0003522461696646004,0.71
0.0003679458677849325,0.72
0.0003681675734148654,0.69
0.00040672103225614114,0.63
0.0005328085303578033,0.69
0.0009075086669030254,0.91
0.0013195564630162312,1.19
0.001301830029369787,0.97
0.00123484631960449,0.8
0.0011664833432302297,0.73
0.0011014428788838834,0.7
0.0010399857006371514,0.69
0.0015820083683467205,0.81
0.0030108580857454337,2.83
0.005308940390275368,3.53
0.006125645606992074,1.76
0.00728892512297171,1.47
0.008012195383131276,1.24
0.008266405079586515,1.1
0.008207339439172706,1.05
0.008108272778775766,0.99
0.008483441594011203,0.98
0.011976327615383982,1.31
0.014027541288914838,2.58
0.014268598862365145,1.49
0.018192310201226827,2.38
0.01939337717803403,1.6
0.022332180816229657,1.62
0.023710398409405458,1.56
0.02928883053508849,2.07
0.035775886325115754,2.74
0.039456006453851784,2.43
0.04776439380776773,2.2
0.05839863289830895,3.64
0.06371357156063294,2.65
0.06458994791788492,2.03
0.06472101514194596,1.8
0.06437459863610516,1.66
0.06961214810309237,1.57
0.07390871914988753,1.71
0.07412186461906907,1.56
0.07207494508942076,1.45
0.06967874667749895,1.4
0.08071729618768489,1.58
0.09054774390773065,1.78
0.09250997862398586,1.66
0.1016488700458282,1.54
0.10708312623739806,2.05
0.10558019178673378,1.57
0.10123125549299916,1.44
0.10445589052516889,1.38
0.12611146718640656,2.33
0.14902838190101506,3.65
0.15769270318599413,2.17
0.16778963051843915,1.93
0.17018604845775365,1.76
0.1672563645566456,1.62
0.1805608512474001,1.67
0.18337769590237588,2.12
0.19118189641107994,1.81
0.19724031616672166,1.81
0.20081885833479318,1.69
0.19730007109749292,1.59
0.18842639174347786,1.52
0.17846213431138486,1.45
0.16921113340196506,1.39
0.1621585103950145,1.34
0.15730356934849918,1.31
0.1515951400371894,1.25
0.15009342827862346,1.23
0.1499519707433558,1.18
0.15146020057049114,1.15
0.1592678846606266,1.13
0.2599066349191036,4.31
0.28052603744879845,3.36
0.2868563126639605,2.24
0.2755827621055929,1.95
0.26134693314274415,1.84
0.2660695263443586,1.86
0.2708420889449592,1.74
0.26049595319413626,1.55
0.24868978630221833,1.45
0.23763951216149243,1.39
0.2255601367419919,1.38
0.21466852622182492,1.32
0.20878714556715758,1.31
0.20877523597547248,1.38
0.20213407762074606,1.26
0.20043944145524442,1.3
0.19711960817787472,1.2
0.18935239630768866,1.18
0.18529721000096278,1.12
0.18210075675461482,1.09
0.17825053577007988,1.11
0.16982801446456128,1.04
0.16285308191276707,1.0
0.15577184839380065,0.98
0.15644658400991776,0.98
0.16411773779386296,1.0
0.15995424981950745,0.93
0.1523399216838749,0.91
0.1456630911055034,0.9
0.13879814904314686,0.87
0.14449643814740057,0.85
0.15133521458803303,0.83
0.1723510409512661,0.97
0.17474779197040313,0.91
0.17049660498872404,0.83
0.17099567777278696,0.81
0.16653105734042775,0.83
0.15982818986060954,0.74
0.15387481462704128,0.69
0.14750406272476002,0.66
0.14089371309859927,0.69
0.1364126041570111,0.72
0.13477382221759948,0.71
0.16170472953036572,0.84
0.1611933776057352,0.79
0.15285724434825823,0.68
0.1443290357014102,0.68
0.13931214471379275,0.65
0.14369204081804784,0.66
0.14891739453323916,0.67
0.16219611146823554,0.71
0.16802323542478148,0.79
0.16969038833243286,0.64
0.19580625320869408,0.97
0.19306914940023395,0.65
0.1868258245879946,0.63
0.1904051276235488,0.62
0.1845704427697296,0.6
0.19439767068884506,0.71
0.1936960924006542,0.62
0.18743671829242575,0.59
0.20678452253239418,0.78
0.22400618875438597,0.85
0.2194071316913468,0.62
0.20758279284906692,0.51
0.20141503501305907,0.56
0.2227889406944011,0.67
0.2270075667253609,1.08
0.24681760410827405,0.73
0.24081168050051724,0.59
0.22792474233383897,0.56
0.21601623496236966,0.54
0.2084524879870266,0.52
0.20975585309626207,0.51
0.2017842511203866,0.51
0.1913222995528811,0.49
0.182228306357895,0.5
0.18665885024914014,0.5
0.1779344913866935,0.51
0.16798754126087384,0.48
0.15915724806659462,0.47
0.15095443427853722,0.47
0.14326392796970994,0.47
0.13610785862120167,0.44
0.13961891849208663,0.45
0.1379489469392084,0.44
0.154107872134732,0.56
0.15832039849995894,0.59
0.15865550059423428,0.59
0.15135297910745324,0.69
0.14278612368275706,0.63
0.13526035000413528,0.5
0.13291650435159688,0.58
0.1273937261996454,0.69
0.13039391984373977,0.68
0.13878533011964425,0.89
0.14397581874778928,0.55
0.1403709203985829,0.49
0.13432489388740576,0.44
0.14538356430951865,0.4
0.17129672105059313,0.75
0.18179334067342195,0.37
0.18561948230407022,0.77
0.18209202932442264,0.36
0.17855015398170943,0.37
0.18368359860103337,0.37
0.20930025916905887,0.67
0.2305532335890131,0.96
0.23520981986301517,0.73
0.22780013576725355,0.52
0.21910903576986665,0.47
0.21210362807347877,0.43
0.20330937843983987,0.41
0.19456649001041085,0.41
0.18511227889641116,0.41
0.17800219631829806,0.41
0.1828808320482535,0.45
0.18990708093475464,0.44
0.21432283460271465,0.58
0.2185836683032559,0.44
0.2299168447064074,0.52
0.23854281811574768,0.49
0.24412950740424733,0.52
0.23629490466985445,0.4
0.2249592701249878,0.38
0.2531452818180672,0.81
0.24864497694212645,0.5
0.23818231419994063,0.45
0.2281875237670301,0.47
0.2174115472980489,0.44
0.22556804849098827,0.43
0.23808825336221343,0.61
0.23210970678987014,0.45
0.2229266639246787,0.43
0.21183198109185997,0.4
0.2006508103190975,0.39
0.19078603022989096,0.37
0.18167154105756564,0.37
0.17879644532502617,0.39
0.17221195932914338,0.37
0.1658671461526048,0.37
0.1723660490714416,0.38
0.16785274032089953,0.37
0.16425577777780628,0.37
0.19420910717078696,0.46
0.20328073502423516,0.82
0.19599518832264823,0.37
0.1855835031943014,0.35
0.175555685518841,0.34
0.16662831689651564,0.33
0.16667677446113727,0.33
0.1617056229275849,0.34
0.1541098369369572,0.33
0.14991093794415009,0.34
0.1554973471459815,0.37
0.16905105890073144,0.57
0.18902497163237753,0.82
0.19238902428187502,0.46
0.19521905984292762,0.37
0.19532295905108316,0.35
0.21331593259168335,0.39
0.24262508419093018,0.82
0.23824273346279884,0.39
0.22721960386858361,0.37
0.215937573526309,0.35
0.20554302776948366,0.35
0.19624543779223505,0.35
0.19502759828165386,0.36
0.19228644298940448,0.34
0.18926173610920374,0.35
0.22622987128561053,0.49
0.26464892384060384,1.0
0.26759825054707304,0.49
0.2561180408208886,0.4
0.27178324327368303,0.37
0.3472260818478625,0.96
0.3505901021913374,0.5
0.3401163611736514,0.42
0.32245417604221305,0.4
0.3150654995835365,0.39
0.3069603749981134,0.38
0.2966380039824936,0.37
0.28370728821406804,0.37
0.27074811022468626,0.37
0.28594918841112255,0.37
0.29985048048783486,0.47
0.291725376846864,0.37
0.28820525722508405,0.36
0.28641111085370874,0.35
0.2842051385095064,0.35
0.28365623732901774,0.39
0.27739519010148994,0.37
0.27238835898594294,0.35
0.29004510208821094,0.49
0.29726749470201624,0.48
0.3231688523289269,0.58
0.31800491562707844,0.43
0.3140633960684674,0.39
0.30447442061990565,0.37
0.2925798967039163,0.35
0.280585856675797,0.35
0.2755947097888983,0.35
0.2711735317187865,0.35
0.2764815526894944,0.36
0.2699903539478394,0.35
0.2571417362443227,0.34
0.24666181065775006,0.33
0.23571436768459822,0.33
0.2384851863763018,0.35
0.2682778253156045,0.34
0.32323673738686176,0.8
0.33223780324691965,0.46
0.3250393615075854,0.41
0.31470367530693466,0.37
0.3092812686570706,0.36
0.37862036536843485,0.67
0.37838629097000787,0.41
0.37636844601584374,0.45
0.3992723125566594,0.53
0.3963496124542245,0.45
0.38601532430289415,0.44
0.3821248477330098,0.42
0.3664926963048578,0.4
0.351562511841581,0.38
0.33886860084164827,0.37
0.32480664026983674,0.36
0.31092933838628467,0.35
0.30548860143517215,0.35
0.38577986119172836,0.59
0.4403449518404028,0.74
0.43398234985709505,0.62
0.4159117047262718,0.51
0.4509657268054804,0.58
0.45091940397459074,0.48
0.45535631695516193,0.48
0.46338175054696057,0.58
0.4604972635718409,0.48
0.45430453173736096,0.49
0.48000808027593,0.53
0.4772558984423954,0.49
0.47098770700950077,0.47
0.5202375757811566,0.6
0.5582684551376957,0.66
0.5640108713635577,0.6
0.550802651442991,0.55
0.5327342690713718,0.52
0.5175358088911102,0.51
0.5032490179137383,0.51
0.49083644218086087,0.49
0.47019323529231877,0.47
0.44789692368712564,0.49
0.4398051375031866,0.47
0.43236982516415934,0.48
0.4426607603431626,0.52
0.42817576314402783,0.48
0.4831118658703069,0.53
0.5186730608241161,0.96
0.5235276228851381,0.62
0.5117856419964409,0.57
0.5480970351378408,0.58
0.5808826622025491,0.65
0.6022592741642381,0.74
0.6622396334723996,0.85
0.715993057761259,0.78
0.8188011895429589,1.12
0.8039668314779287,0.9
0.7611580103591276,0.76
0.7190624535057496,0.69
0.678989769896,0.67
0.641106649415998,0.65
0.6416260194618318,0.64
0.6209390328617759,0.67
0.5949452105121711,0.64
0.5752972801240036,0.63
0.5788716300470215,0.61
0.5668029898909752,0.62
0.5451636668544249,0.59
0.5548881780929393,0.57
0.5575566837045343,0.63
0.5762528627527161,0.74
0.6961181239211212,0.87
1.4319711032958882,1.23
1.6549345998985134,1.52
1.1939374194493644,1.3
1.0832186354897988,1.07
1.0716793816725567,0.96
1.1538229155834607,1.04
1.6302589564990941,1.46
1.290362503060993,1.19
1.1862907579403847,1.02
1.1169563249573566,0.93
1.05458881621243,0.86
0.9959360700163852,0.83
0.9403857862030672,0.79
0.899283943697878,0.78
0.8505031522437919,0.75
0.8307367780234512,0.74
0.8173649254224015,0.72
0.8530181192710344,0.96
0.9345595902553749,1.12
2.1601379364938316,2.1
1.950410117018709,2.52
1.3418833544409459,1.92
1.3054947735735232,1.58
1.2966438307932406,1.46
1.2769581494921403,1.23
1.2453874995391703,1.13
1.2042161264866555,1.06
1.1683359091538477,1.01
1.1620898194814842,0.99
2.507983987591365,1.61
5.133366120882233,6.24
3.5117209691558418,3.94
2.311994229823994,2.7
1.7591509629967605,2.05
1.6175375067491744,1.82
1.6089379783797422,1.69
1.5656256580520918,1.48
1.5075188787767622,1.38
1.462356756015627,1.24
1.5373509930461644,1.47
1.4862479503362163,1.27
1.4152694037405034,1.22
1.3874444163238548,1.18
1.4493495676660881,1.36
1.4101700177042042,1.25
1.390142524754863,1.18
1.3605203306474272,1.14
1.3710416509682601,1.11
1.4989774419151156,1.37
1.4794632829427838,1.38
1.462644100225174,1.25
1.3889495553600009,1.18
1.3122458827860666,1.14
1.264650356073303,1.1
1.2388642468666977,1.05
1.2641856584295914,1.11
1.270188067661652,1.09
1.3350920821233128,1.1
1.770840036490425,1.58
1.519415785327822,1.42
1.426516477277372,1.2
1.4741197298546864,1.22
1.4626478136697938,1.18
1.4462162166418462,1.15
1.4796579205686615,1.13
2.0922577289431623,1.38
3.5730529108263163,2.58
3.4224717034979166,2.73
3.074443115578245,2.21
8.030463946512205,7.05
4.213839641904392,4.83
3.3813348007642903,2.97
2.8783734832409023,2.61
2.299546768989306,2.47
2.2043330668724535,2.11
4.40627538915156,3.76
8.34226693771759,8.42
5.085582168797245,5.31
3.9455984569411653,4.05
4.368575406715289,4.23
4.3243568018954175,3.61
2.916554244619362,2.83
2.3921126406753563,2.72
2.3052286800423567,2.63
2.266988499034153,2.35
2.166782898854134,2.17
2.054449661336644,2.06
1.9464198143301903,2.01
1.9107001410251523,1.95
1.9096589175340464,1.93
1.8703905903437952,1.85
1.8533539994009733,1.75
1.8635014277141304,1.89
1.799403638388206,1.69
1.7800569360558725,1.62
2.2415241757941584,1.94
1.979239872074563,1.88
1.8606437816580432,1.72
1.82795635043847,1.66
1.7984018905143762,1.6
4.4826609179575,3.08
3.9738746513784706,3.98
3.168951956237459,2.55
3.1227860788270956,2.43
2.161687962939085,2.34
1.9956095380700678,2.08
2.2600894762673662,1.97
2.0860494179547855,1.99
2.0047657351139314,1.81
1.932357012814549,1.73
2.4210465689408593,1.85
2.0133491662469334,1.76
1.9430283756819828,1.67
2.160356796037873,1.73
2.5151594412096987,2.0
2.0569877833353947,1.8
1.9206499077195507,1.65
1.8320104102551342,1.6
1.752487140173036,1.56
1.7019579302427026,1.47
1.7115104313587968,1.43
1.7305328167003846,1.4
1.6820964774455514,1.29
1.619476366521788,1.25
1.5455554995157914,1.24
1.4574216933949589,1.2
1.3797193922411275,1.19
1.3025955246223149,1.17
1.2299455568436874,1.16
1.2105449100221979,1.15
1.232824204143186,1.15
1.265363507627021,1.31
1.5183419340941287,1.79
1.3744628484601935,1.23
1.335451910026233,1.11
1.2678612464985533,1.09
1.1992254666249076,1.04
1.140381520204802,1.01
1.0803843034017568,0.97
1.0237945445307495,0.95
0.970305573220695,0.92
0.9199769272800447,0.92
0.8877086855542178,0.91
0.8574785032590856,0.88
0.8201552503836133,0.86
0.7744589937018163,0.85
0.742798332051824,0.86
0.7506884341971017,0.86
1.1194578960878008,1.26
0.9153151980711178,1.03
0.8874059959984876,0.88
0.8475097180336283,0.86
0.8548270636315443,0.96
0.8450071085967888,0.89
0.9380920472169763,0.98
0.9603969831230409,0.88
1.0073174139526284,0.9
1.042757273188342,1.32
1.0070251230372351,0.91
0.9630100030992734,0.84
0.9223693035312276,0.79
0.894947380101758,0.84
0.9110623643301325,0.83
0.9143030708837533,0.86
0.9093946062480339,0.79
0.883552828989521,0.75
0.8382578044815822,0.74
0.7990311311823903,0.69
0.7681010062635871,0.68
0.7299006628713767,0.64
0.6922056415553184,0.62
0.6580584309928785,0.59
0.6237382252267,0.56
0.5971573637537712,0.56
0.6349416677013843,0.61
0.6168942200025974,0.56
0.6251133255759602,0.62
0.6441609050778939,0.68
0.6299641791334368,0.66
0.5964483124503763,0.54
0.5636119841381971,0.42
0.5312599417425571,0.51
0.5022178349067352,0.5
0.5567646423235075,0.67
0.5625376767120265,0.52
0.5483408302427946,0.5
0.5253821726319677,0.47
0.5347147880740252,0.62
0.525793637676237,0.49
0.5333500645816396,0.5
0.552606491386678,0.63
0.8095020278143686,0.9
0.7105580432805975,0.78
0.6766672194787096,0.51
0.64688409330338,0.49
0.6164747394337705,0.38
0.5999546577393999,0.44
0.5750373667720579,0.45
0.5461198460906292,0.44
0.5211486159125269,0.43
0.49649671918240124,0.42
0.4711410444663189,0.4
0.44594132221583405,0.4
0.4218946627069092,0.4
0.40044776804636434,0.39
0.38121104128339667,0.39
0.3603684584110255,0.39
0.34191538807967414,0.39
0.32407407645264147,0.39
0.3067563487162728,0.39
0.3436855955466226,0.43
0.35451626202948633,0.47
0.34410779878215825,0.42
0.3630225877195678,0.4
0.3959576329231834,0.54
0.3983777866832406,0.46
0.38979486513097444,0.42
0.3741273312490751,0.39
0.3553822709095064,0.39
0.33686302990998096,0.37
0.32131768052851173,0.37
0.3053630847011217,0.37
0.28981171676403195,0.37
0.284446015694904,0.37
0.2993819606478851,0.38
0.29621856216991266,0.4
0.29094785372341747,0.37
0.3241467803184185,0.53
0.31636314082160144,0.37
0.3055269737301337,0.36
0.29242038752806016,0.36
0.2778789160249859,0.35
0.2639327780920765,0.34
0.25039887643933445,0.34
0.23881932654302954,0.34
0.2251147072719174,0.34
0.2126288870534773,0.34
0.20713157725628967,0.34
0.20888003267745373,0.42
0.21418378568666063,0.35
0.2101791670194345,0.32
0.22176655216337618,0.32
0.2587441783509542,0.48
0.2898083382376842,0.52
0.30063939745201107,0.39
0.32853292454747207,0.35
0.4170980836607804,0.79
0.4180244960678179,0.46
0.4170400331830957,0.42
0.4182793743868079,0.38
0.4266720951578682,0.47
0.46096754037744925,0.42
0.4645769946422728,0.63
0.4998905181604789,0.44
0.5693661617144352,1.3
0.6015312199704579,0.82
0.5894350828561843,0.51
0.5803558690105238,0.45
0.9316446447026744,1.62
0.755409262568009,1.23
0.7126603790185854,0.73
0.6923400209090491,0.63
0.6884249574936927,0.59
0.6797280253464322,0.58
0.6571484551128979,0.54
0.6404373727821275,0.52
0.6108066342242842,0.5
0.6010463056794563,0.49
0.6407474405772758,0.77
0.66100583473088,0.56
0.6411824574173648,0.51
0.6644715172176743,0.49
0.6829264285786594,0.71
0.6633103619705519,0.53
0.6468676335921963,0.5
0.7077344025436605,0.97
0.7208373192489689,0.73
0.6979329834941099,0.61
0.6665987516244523,0.54
0.6322618873951126,0.52
0.6013419951874129,0.51
0.5725257459071278,0.51
0.5453594566800206,0.49
0.5234962047709374,0.48
0.5000465261796947,0.48
0.4779043829763855,0.47
0.45565343932395713,0.47
0.43586003591640476,0.47
0.41732323955064676,0.48
0.4590029147501282,0.73
0.46406326365354544,0.54
0.4712382175828582,0.5
0.49227875855382003,0.62
0.48920952805650464,0.54
0.47094765499225394,0.44
0.4560092744860902,0.43
0.44637526579130477,0.44
0.4358650119560771,0.43
0.41806150285107146,0.4
0.4157118685546721,0.51
0.40502222542774924,0.55
0.38966780744488466,0.43
0.3740758134149357,0.42
0.3608111964734828,0.42
0.3593324895405296,0.41
0.3946722001224869,0.49
0.5110851201653761,0.86
1.3496712934771267,2.54
0.7872906081424623,1.52
0.6864645330579445,0.88
0.6462191301474552,0.74
0.6493326963112815,0.68
0.6584615005970998,0.71
0.6444847728059855,0.64
0.612545622870455,0.59
0.5951489748867136,0.55
0.5753141058246063,0.55
0.5498851789875556,0.55
0.5338425097401136,0.53
0.5276748175559783,0.52
0.5187632920036694,0.51
0.629412699250141,0.76
0.6498476525356782,1.23
0.6759118657633709,0.75
0.7105522088288576,0.71
0.7688558822697521,0.89
0.9355397786583893,1.27
0.9760082997599621,1.84
1.0484020789686608,1.6
2.777521681509048,4.15
2.6374534978432456,4.15
1.6933501540152465,2.41
1.4161480905567034,1.79
1.4319484952958894,1.73
1.4548698360803927,1.77
1.4533433120034418,1.58
1.4244765175973317,1.35
1.3680591710965566,1.26
1.2975866103459952,1.18
1.2337104479178174,1.11
1.2034628239824061,1.07
1.1659554994521637,1.06
1.1138198159592265,1.0
1.0533250341669909,0.93
0.9948361714277775,0.91
0.9393539962170803,0.88
0.8869399189523718,0.87
0.8515620015799121,0.85
0.8366407753042336,0.84
0.807496372415303,0.83
0.7645110174049428,0.8
0.7703991978532782,0.86
0.7333823612035578,0.8
0.6930662661001749,0.72
0.9572793434425668,0.9
0.8624413920528047,1.09
0.8084181638226662,0.84
1.8974198380096288,1.9
3.1023243003543297,4.61
1.5322505058488638,2.24
1.1256825389119907,1.56
1.0269926095710158,1.35
0.9661310635605296,1.26
0.9118823492973034,1.2
0.8609668872993819,1.14
0.8129210291036554,1.11
0.7675587959546941,1.06
0.7247280667990731,1.05
0.6842873652747127,1.0
0.6461033055387483,0.98
0.6100499625185396,0.95
0.5760084394983221,0.92
0.565051118143327,0.94
0.5584342511953789,0.96
0.5302849295148754,0.92
0.5009993778208871,0.92
0.4730722673845783,0.91
0.4466769977915909,0.86
0.42175213430449215,0.87
0.5198940023178296,0.95
1.2900813214231133,2.91
2.379557361765412,6.8
1.7663188405761843,2.94
1.450101133420211,2.26
1.472695196084107,2.41
1.3464819708731524,2.67
1.4003366295918813,2.64
3.727449707698055,4.45
3.175199364538992,4.53
1.726310395114113,2.64
1.4948682030755385,2.18
1.4286659311443906,1.95
1.3889361550014252,1.74
1.3152749386193405,1.61
1.2478976740488967,1.59
1.1842819199634098,1.53
1.1603424439825536,1.51
1.1614449634095343,1.49
1.1517482987147192,1.38
1.164782724864005,1.46
1.1944017951010069,1.46
2.3315993604179606,4.2
2.2260813887421467,2.65
2.676964790585301,2.4
4.771686588008027,3.84
3.4110730577060293,4.02
1.863639373639387,2.47
1.5991839326959016,2.12
1.5041750859174996,1.93
1.4712905215647438,1.84
1.5225859738153862,1.88
3.413380495756778,3.2
2.5562870475770687,3.03
2.5781607638852533,2.33
2.7403977285055547,3.48
2.2678830314892995,3.74
7.437039558931336,10.01
4.04395499861676,5.43
2.8954979654428064,3.6
2.1277977319977945,3.03
1.9702463391062068,2.63
1.957394784224881,2.36
1.8979158782300658,2.2
1.8072127663419186,2.01
1.716447751445927,1.99
1.6690814558097111,1.9
1.6332588898730247,1.85
1.5524457213327885,1.75
1.5027665744710172,1.71
1.4235747835310955,1.66
1.3537827286619653,1.6
1.3008351729779848,1.55
1.2655183230147693,1.52
1.2640829889141245,1.52
1.2224647205364128,1.45
1.164806106130486,1.41
1.1121878495428368,1.38
1.0950763623971274,1.32
3.114638750445273,3.08
9.902213856103078,9.32
9.146781635199329,13.06
5.721564920047047,8.86
3.2385330158306362,5.33
2.025790086388599,3.83
1.6615544871085541,3.24
1.6482380124640652,2.9
1.5953458576358028,2.61
1.5074716862789774,2.45
1.4246506961548504,2.39
1.3521343968616557,2.29
1.2880824812694653,2.22
1.2283944654931374,2.03
1.1669164991889798,1.94
1.1030772416704173,1.88
1.0436374972278368,1.8
0.9866783098300693,1.74
0.9337201429589752,1.69
0.8835007744700287,1.68
0.8349598486074502,1.64
0.7910792201953356,1.59
0.7607850054303542,1.54
0.7237124191011645,1.5
0.6946939342175493,1.45
0.7613248888063877,1.43
0.8026035392280403,1.51
0.7976289392247675,1.36
0.8472975037849825,1.38
0.9189619672765559,1.62
0.9063259611157172,1.33
0.8942479463566528,1.35
0.8999806709536589,1.4
0.8836491816665235,1.26
0.8409605577272405,1.24
0.8099036774314323,1.17
0.8445527761864289,1.17
0.8383909512787646,1.16
1.2060004075175281,1.28
1.0179136101157573,1.54
0.9971034915587764,1.25
0.9781880860883355,1.19
0.9437077310602033,1.11
0.9896819551649038,1.17
1.477875552821248,1.55
2.983425757708924,2.34
5.5066473887540255,4.23
3.2327579197298224,3.94
1.834029594000856,2.22
1.4849537092925336,1.88
1.377270676350086,1.73
1.3108440323255548,1.58
1.3019779402881737,1.57
1.2874303588238858,1.47
1.2947135732833097,1.44
1.2591866164236125,1.36
1.2198611983390808,1.3
1.1755789737596642,1.22
1.1123864388532017,1.21
1.0547008651869754,1.18
1.0649318327058694,1.16
1.061446432425786,1.16
1.022395460246093,1.11
0.9665927475497639,1.11
0.9309141669979192,1.09
1.0129465664671036,1.09
1.0325152833644102,1.25
1.0411373809751956,1.07
1.0057505225917869,1.04
1.0120925783416792,1.08
0.9816634793077083,1.01
0.9564095305349496,0.95
0.915908529900709,0.91
0.8706232595602652,0.89
0.8228778415570656,0.86
0.7776142685595671,0.85
0.7409882815846541,0.83
0.7077320373751441,0.83
0.7240138245543061,0.82
0.7403408935510724,0.86
0.7489693811015916,0.8
0.7249606023387125,0.77
0.7118134303464863,0.74
0.7482833364068626,0.89
0.7458142825261654,0.74
0.7226373078889216,0.72
0.6989739125674166,0.68
0.6704583346674776,0.68
0.6624543671541897,0.7
0.6469098431631958,0.71
0.6178189115376794,0.65
0.5946913148305847,0.64
0.6114499435687487,0.66
0.6574439268801945,1.44
0.6724010353848325,0.81
0.6507909452736338,0.68
0.6486834796424907,0.58
0.6763419358929382,0.97
0.6471282005105838,0.65
0.6118182475702484,0.56
0.5795456434127526,0.57
0.5548605285499876,0.57
0.5299883946782893,0.56
0.5038362855126268,0.54
0.48955557841219166,0.54
0.5021499561803838,0.56
0.49025809114338675,0.53
0.504509121198605,0.6
0.48497617187886144,0.51
0.48904794755449865,0.51
0.47602498851609953,0.51
0.45061261987416024,0.51
0.43526592577824735,0.49
0.45156911948099293,0.53
0.4360834961518556,0.51
0.42103333680479205,0.46
0.4536604194571041,0.53
0.48417788134613204,0.52
0.49845602775955,0.47
0.6750007518134333,1.95
1.5677895770762864,1.86
1.062814159664984,1.63
0.8623269177043267,0.7
0.7993851212468052,0.59
0.756878098746292,0.54
0.7244024554113804,0.51
0.6930718406624685,0.44
0.6807564945529538,0.55
0.6576544730409453,0.49
0.6591196289464223,0.47
0.6399349551549476,0.46
0.6059592689333676,0.45
0.5879191658891414,0.47
0.5777041912741149,0.78
0.5923498997765639,0.69
0.6325929715975721,0.53
0.6228971968711721,0.68
0.6052472428414003,0.49
0.5922346192852377,0.62
0.5761050519816888,0.5
0.5530432660332474,0.5
0.5893462538828717,0.71
0.5802321142900575,0.57
0.5681933123760021,0.49
0.613181586858078,0.95
0.6323725052218155,0.52
0.6704507723828962,0.75
0.6769803800155025,0.75
0.6550052900441917,0.51
0.6260344192863957,0.49
0.5984531744646586,0.49
0.569128061378292,0.53
0.53952940050936,0.51
0.5120417332815206,0.51
0.498744283028592,0.52
0.5244692950253139,0.64
0.509323386970501,0.51
0.4856395778033126,0.51
0.4641432488575123,0.5
0.46061775482642736,0.49
0.4433342515124697,0.48
0.5376704175183932,1.43
0.55772679017716,0.6
0.5541453635804521,0.54
0.540235529472461,0.52
0.5404926600225871,0.59
0.5461639759226767,0.51
0.5255915166504682,0.5
0.4988118633359479,0.48
0.4766141110982378,0.48
0.45323096840020194,0.47
0.4307328099000636,0.47
0.4098121581080275,0.44
0.3891638700488824,0.41
0.3729561023548722,0.41
0.3857127322890468,0.5
0.38238331189655533,0.43
0.36459043515067263,0.4
0.3441818673234496,0.4
0.32782903288455434,0.4
0.3146069584022071,0.42
0.2995925830142338,0.43
0.2873419260033594,0.42
0.27257368261949816,0.43
0.2751777497102929,0.43
0.30497930893273173,0.54
0.30674449522641145,0.43
0.3098726973941419,0.42
0.3524630957805283,0.57
0.354686130584025,0.43
0.36614396560938167,0.49
0.39891838203806873,0.55
0.4027317688591089,0.51
0.38728729400244544,0.45
0.36906454138709344,0.43
0.3501040910145926,0.41
0.33200046810436057,0.42
0.316787342265948,0.4
0.31560304741329653,0.43
0.33734990776025314,0.51
0.3674895981791844,0.44
0.4593333275028495,1.52
0.46449563519141895,0.61
0.4532063367068606,0.44
0.43065176433265756,0.43
0.40903089938065995,0.41
0.39803967928335826,0.39
0.3990395394762863,0.39
0.38737146074274575,0.4
0.3724049211559314,0.39
0.37541986853630416,0.38
0.3910949339366362,0.51
0.4425636263841528,0.51
0.5260488408328157,1.22
0.5366195550692435,0.68
0.5213994610794835,0.53
0.5516138910497365,0.59
0.5927627089589403,0.81
0.6054476636224853,0.62
0.6036859988539593,0.52
0.6258318799005916,0.59
0.6536292040109669,1.06
0.7359824037067514,1.45
0.7346883152138564,1.16
0.7188311064840216,0.8
0.7329738233953629,0.79
0.7290570426304726,0.72
0.7528876502195507,0.67
1.420522270428889,2.13
1.4005571509876922,2.66
1.120401799534773,2.09
1.091341505927465,1.44
1.0812608799600198,1.12
1.0884097984287382,1.08
1.1025623172103798,1.06
1.1394639531164639,2.0
1.1949029427733342,1.43
1.839614827816993,7.56
1.3834635823235937,2.68
1.3060703612075137,1.91
1.3182719506747302,1.69
1.3489381423902134,2.13
1.4068593518509953,2.13
1.4018481409664494,2.12
1.361646551932188,1.65
1.3336897978786233,1.53
1.2879452508959235,1.4
1.2387307841238353,1.35
1.2181293124384687,1.33
1.1654543735567306,1.23
1.1214940502697692,1.18
1.07547698985478,1.17
1.044153479495275,1.12
1.0034345779675913,1.06
0.9681437610809532,1.08
0.9669224440185623,1.17
0.9487887655549923,1.07
0.9260124756972946,1.05
0.9266916079946664,1.18
0.904983329561037,1.1
0.8736210084175634,1.04
0.8621531170518255,1.01
0.8304134120478466,0.92
0.7933009630159873,0.92
0.7514945085599094,0.91
0.7098803675517477,0.86
0.6703713149321633,0.85
0.6330947602850928,0.83
0.597783158395098,0.81
0.5644277426128369,0.79
0.5625535512635271,0.81
0.6012561761640172,0.81
0.6349497912608166,1.04
0.6493829622850532,0.99
0.6403691861738934,0.86
0.6161121510807985,0.81
0.6347717196433256,0.82
1.2946362723500016,1.37
3.2420957064112166,4.28
3.0619119634557808,3.55
2.0755934069537845,1.98
1.5302698371739676,1.65
1.28891766882851,1.55
1.250379223391544,1.5
1.3087305111149252,1.4
2.214405986493945,2.09
4.899315053347139,6.47
3.5979940580191503,3.0
3.2256125305495744,2.43
8.106461727360047,7.36
5.463214254976997,6.48
4.742145369692795,5.4
2.436365412684051,4.55
1.8603241856713746,3.07
1.7077076436433227,2.56
1.6075930214869534,2.27
1.517430182291468,2.1
1.4327133388828899,1.96
1.3527623273470408,1.83
1.2772762075826518,1.7
1.2060026244028261,1.69
1.2741440613752444,1.79
1.3211179276288056,1.79
1.7706898105052205,2.12
1.4703500219785366,1.93
1.4407419022633439,1.72
1.451857748172616,1.67
1.6346316475896376,1.87
1.7058853643740133,2.14
1.6448815080123695,2.11
2.080886777749009,2.47
2.1381533621354403,2.78
1.7914048791828021,2.06
1.7296108491035225,1.92
1.9946252594659732,2.12
1.8582360264501059,2.48
2.965221116775719,3.65
2.8525992585483473,3.25
2.023341891749389,2.46
1.8277703318591634,2.11
1.8282528379697947,2.05
2.8780549852510173,3.03
2.458962812572506,3.58
2.645557393524325,2.5
2.0928524407677633,2.2
2.0072251856774534,2.06
2.006453094673858,2.04
1.9884534563264396,2.19
1.8887726026889415,2.08
1.7845164700981055,1.89
1.6850475301947894,1.76
1.5910300448493868,1.68
1.5022495882319458,1.62
1.4184223362062776,1.6
1.3392726683367733,1.53
1.2645396403100557,1.5
1.1939768046721355,1.49
1.1273514602348689,1.46
1.0771413720802498,1.45
1.057802911047178,1.38
1.0463694395125298,1.32
1.0001361134576332,1.29
0.9506838449156683,1.25
0.898906590848515,1.24
0.8571826362786799,1.24
0.8150308717384126,1.23
0.7889087849994523,1.18
0.8171293125044328,1.17
0.8815954826815116,1.49
0.9096797155705544,1.39
0.8941925614054108,1.27
0.8862948958204315,1.21
0.901580588039099,1.19
0.8746286284309259,1.16
0.8476180143836827,1.12
0.8150229147733249,1.1
0.7776266640086904,1.05
0.770403339109451,1.04
0.7794464444410871,1.1
0.7669349155760956,0.99
0.7397174189002613,0.98
0.7061731357392904,0.94
0.668539660007948,0.91
0.6383151005855277,0.91
0.606581073444682,0.9
0.5795906706438421,0.87
0.5530471336306078,0.87
0.5300757692197269,0.93
0.4994930836274565,0.86
0.47383791469117764,0.78
0.4519162956902439,0.74
0.43525530463476564,0.74
0.4310049344260151,0.71
0.4148521471978971,0.72
0.40922452610090687,0.73
0.41609591545559443,0.71
0.43475360536014984,0.79
0.42285297481144585,0.81
0.40286281813720365,0.69
0.5607348224997147,1.22
0.5540768570238571,0.8
0.551445818212184,0.71
0.5667751091519582,0.7
0.5604431466835027,0.69
0.5422086989540029,0.68
0.522298371410909,0.67
0.4943102888507118,0.67
0.4850514305262441,0.67
0.4673510400001472,0.64
0.45300276937015505,0.64
0.43202691628011414,0.62
0.4088954543973577,0.62
0.3893710393517017,0.61
0.37118087470238537,0.59
0.3529285448081531,0.59
0.3352541489468921,0.59
0.36056536186750654,0.59
0.35171619341227217,0.59
0.34023889549503966,0.59
0.3443002392205071,0.63
0.3334849407630581,0.59
0.31886054787070006,0.57
0.30752902554985395,0.55
0.3274074350868634,0.55
0.3638478971986805,0.58
0.3579805076508673,0.6
0.3961379969269163,0.62
0.4364840512940629,0.59
0.4318691362829284,0.57
0.4222145176371797,0.55
0.4094994280533657,0.56
0.3879447162242089,0.54
0.37276479243931554,0.54
0.37106665528574667,0.52
0.3586130080054004,0.51
0.37891507875452873,0.51
0.4139546352939157,0.69
0.4221419303633163,0.53
0.4142559059062618,0.51
0.4389917741605722,0.57
0.46326091059529884,0.58
0.4584353723568585,0.51
0.4438970224042096,0.51
0.4218231241545866,0.51
0.4221304003642508,0.51
0.5007495163096853,0.62
1.0895708424177983,1.79
0.7358240207419505,0.85
0.7150507189153021,0.78
0.87588228395705,1.08
0.8166089820308979,0.66
0.7756085830039802,0.59
0.8014365280348055,0.56
0.7962768024553086,0.55
0.7729529289891675,0.51
0.7453079173113102,0.51
0.7194388412558845,0.52
0.6886339195011761,0.51
0.6952404938664914,0.55
0.6852383664727562,0.53
0.6520093404399357,0.5
0.628386023468358,0.48
0.6023685188638566,0.47
0.5873541062803048,0.47
0.5836542691621143,0.47
0.5612034126236157,0.47
0.5477595962118306,0.47
0.519742068282623,0.49
0.4941700849061497,0.47
0.48037743106327574,0.47
0.45958174447395883,0.47
0.4523773638100621,0.47
0.4387157808810092,0.48
0.4397581655280745,0.48
0.42045308034702705,0.46
0.39832280848720686,0.44
0.41133551769193955,0.47
0.43182370781612034,0.46
0.4239497676169996,0.52
0.40092499178866536,0.43
0.38005853814577994,0.41
0.3636036086554115,0.41
0.34483504904707835,0.4
0.32573152475118505,0.39
0.30847594023100755,0.37
0.2945326519065614,0.37
0.28636217875848374,0.37
0.2727461760296453,0.35
0.2636142780446393,0.35
0.29623255424538647,0.4
0.29914792667825274,0.4
0.3140450011625898,0.44
0.354894546075646,0.96
0.3840274389262545,0.85
0.38449191773950586,0.39
0.3717209942467067,0.36
0.3558171044777597,0.33
0.3392413396004707,0.33
0.3202601838045338,0.33
0.30297799583337387,0.32
0.28673644583996116,0.3
0.27053276505352425,0.31
0.2554391578509038,0.32
0.24151016612343568,0.32
0.23352631006885918,0.32
0.23030150339428668,0.32
0.22384712887187827,0.32
0.21167204257015432,0.32
0.19996861129145943,0.32
0.2133746689118083,0.36
0.20684804647208074,0.33
0.19634607033064502,0.32
0.1930333249573342,0.31
0.18518058988240757,0.35
0.19743539488077902,0.32
0.20270115321226687,0.37
0.1963302016953284,0.55
0.18554818175972249,0.32
0.17770531719172183,0.31
0.17051088374421808,0.33
0.16186772749993394,0.32
0.15384226102150325,0.3
0.14576837219985578,0.3
0.1379620325025778,0.29
0.13007392262387538,0.3
0.12216558796618858,0.29
0.11512020235201517,0.4
0.10903000659362505,0.29
0.10326291864660954,0.28
0.09746426587961304,0.24
0.09219314028775079,0.25
0.08725815211636981,0.28
0.082677075866624,0.27
0.08272305854369784,0.28
0.07846927071385247,0.29
0.0743406500387227,0.28
0.07124344009403163,0.27
0.06935384282972476,0.25
0.07151430480394438,0.26
0.06876403065193039,0.27
0.06511346184138964,0.26
0.06157972047054038,0.26
0.058410650735922914,0.26
0.05550603808716125,0.26
0.05238900199714607,0.26
0.04951376263623802,0.26
0.04751791960069786,0.31
0.045258653441377916,0.24
0.053399241703138006,0.44
0.06162357638641917,0.3
0.06151531149694216,0.27
0.06042413961010132,0.27
0.05846231643103113,0.27
0.05548418684068599,0.26
0.052677243485914585,0.26
0.05001847986899207,0.26
0.05092628750428949,0.26
0.05202232022809523,0.34
0.05425500261483495,0.31
0.05279577842437368,0.28
0.05579893400590164,0.28
0.05754456876386675,0.31
0.05889221832432946,0.29
0.05703956677325627,0.27
0.05450537273060822,0.27
0.05161749537768917,0.27
0.04913825742103092,0.26
0.04680787616738728,0.26
0.044512851890919754,0.27
0.04245785413124835,0.26
0.040449917718007135,0.26
0.03849000329595234,0.26
0.03684545835675847,0.26
0.040677398419936166,0.28
0.03983516460273375,0.27
0.03770131353011118,0.26
0.036261086293796416,0.26
0.034717262718767454,0.25
0.040215465586320095,0.3
0.04483379245548729,0.36
0.04357105726130853,0.26
0.044239343037891996,0.26
0.0477927701714667,0.27
0.05034441604800231,0.34
0.05853247387571866,0.31
0.0665249755881635,0.32
0.07997490892099637,0.28
0.13718192959291955,0.97
0.162743128534212,0.45
0.17748992724715426,0.96
0.1762588747509071,0.3
0.17436536843630057,0.28
0.1663660664142765,0.27
0.15740521212380695,0.26
0.14908978618241953,0.26
0.14091741892542198,0.26
0.1332666819122551,0.26
0.12587108225299612,0.26
0.11906825435819363,0.26
0.1134603086868364,0.26
0.12590089727057824,0.28
0.13938702161872174,0.38
0.1384182401335068,0.29
0.13516389939554924,0.26
0.12895243634522272,0.26
0.1258276043116648,0.26
0.12059844201074246,0.27
0.1162942036384934,0.26
0.1105804620420827,0.25
0.11404201273115899,0.28
0.12904799309060264,0.33
0.13664925081385032,0.32
0.13629237640876915,0.3
0.13578544849462462,0.28
0.13505890045135377,0.29
0.13340854555983975,0.31
0.12738168694853938,0.26
0.12072289964223867,0.26
0.11496347033499449,0.26
0.10920772807759005,0.26
0.10409551655795186,0.26
0.10042144697396224,0.26
0.09947873827569428,0.26
0.0980390381112875,0.26
0.10029135505114946,0.26
0.10078974671178909,0.26
0.10162695486997535,0.26
0.1270755971310455,0.27
0.15254900228984278,0.52
0.1642004229900438,0.31
0.16203432193654493,0.28
0.1568480964419892,0.26
0.14993927749393893,0.26
0.14681419298235873,0.26
0.14340222739392305,0.26
0.13884002851434926,0.26
0.13565096286258718,0.25
0.1307275933874564,0.26
0.15278040865974443,0.26
0.19564919932310387,0.49
0.2074155888891422,0.33
0.21249284351731043,0.28
0.20560373302803864,0.26
0.19662783246099055,0.26
0.1937866762053677,0.26
0.18685200750035819,0.26
0.18055494861972873,0.26
0.18570926318148734,0.26
0.17707532383383778,0.26
0.16742204932555996,0.26
0.15854571378213103,0.26
0.15047197149904293,0.25
0.14589005797138804,0.25
0.1539753439310458,0.26
0.20949649252014926,0.42
0.23972358568632168,0.68
0.24202151989275333,0.35
0.24010216884465582,0.3
0.2364266378048756,0.28
0.22766514049221145,0.27
0.22702160418068312,0.27
0.2237110932335931,0.27
0.2215771529495365,0.3
0.2202579258880849,0.33
0.2092999160263474,0.28
0.1977555882454017,0.27
0.1982575914348848,0.26
0.1977800803044421,0.26
0.20697861029214484,0.28
0.2201853576282526,0.31
0.2205036979831019,0.28
0.21355523411259741,0.28
0.20850498549148508,0.27
0.20651872547048006,0.26
0.20160738838451808,0.26
0.19114620084078185,0.26
0.18055958257458946,0.26
0.202493782207714,0.26
0.2603566735885643,0.3
0.30372233717309016,0.39
0.3257912021922942,0.29
0.40578675139047377,0.73
0.43309542277092083,0.66
0.49479956198013014,0.56
1.2123137608046497,2.1
1.99675832753464,3.87
1.120403121508754,2.8
0.931327410067756,1.59
0.9565909087071348,1.21
0.9491805642616191,1.07
0.9271110376864274,0.82
0.9394561723929563,0.67
1.008059940944128,1.13
0.9665424856776438,0.89
0.9141028622814081,0.69
0.8632383279735254,0.63
0.8150820004200349,0.57
0.8051510062720579,0.58
0.809079700139668,0.55
0.8289012541590869,0.56
0.7905184594814472,0.47
0.7472039764435467,0.48
0.7055856097150096,0.48
0.7472666272496609,0.5
0.8776046665112718,2.01
0.89543154890118,1.34
0.8748897127868945,1.04
0.8485324288960487,0.9
0.8199130142583778,0.81
0.7831384204077371,0.74
0.7658936866929114,0.64
0.8235752013559352,0.77
0.8282184923892775,0.74
0.8289597923995274,0.64
1.19233875317833,0.98
1.0397186387656965,1.21
1.072952639192622,1.06
1.0930097024493943,1.07
1.0899846083960694,0.98
1.0472572368963298,0.9
0.9972790334537185,0.86
0.9682450218819143,0.81
0.9218820218942677,0.78
0.8719049674982766,0.74
0.8390760421623024,0.73
0.8451505304982367,0.74
0.8228972908584531,0.7
0.7799060895372733,0.67
0.8054635138195907,0.67
0.7908072304545797,0.71
0.7502270010398162,0.67
0.7161606084535022,0.64
0.6875775724292198,0.6
0.657691339188744,0.58
0.6696940316305378,0.59
0.6488687530794522,0.58
0.6184814536243193,0.58
0.5868505473869766,0.58
0.6199294000709258,0.61
0.611382311405997,0.6
0.5905602654653291,0.51
0.5669314828368459,0.5
0.5514344917657511,0.49
0.5485965819328347,0.49
0.5379851643142667,0.48
0.5583200735870039,0.53
0.5511183233671897,0.53
0.540456369546145,0.47
0.5153302873822008,0.47
0.4892405276527509,0.47
0.4733691929028225,0.47
0.4991807861367164,0.47
0.5890332435012995,0.52
0.6100257891664987,0.5
0.6151966237403563,0.47
0.6386792514506912,0.48
0.6453742545836273,0.47
0.6404121918211088,0.45
0.6204278145663253,0.45
0.6015270571660715,0.44
0.5708181232654402,0.43
0.5410338204507913,0.43
0.5109756147345166,0.43
0.4842660815400032,0.42
0.45915842924248146,0.43
0.436301784389669,0.42
0.4353151831021849,0.41
0.44489784089370377,0.41
0.5392505571351786,0.48
0.6655067364913275,0.71
0.6942778170383475,0.51
0.7062382062965286,0.48
0.7006571514860871,0.43
0.6936457960783908,0.43
0.6946112267070281,0.43
0.6644930632183865,0.41
0.641939550554035,0.41
0.6171333398088756,0.41
0.5859544207824421,0.4
0.5554544093587767,0.4
0.5292217271724519,0.4
0.5776233403867527,0.41
0.6187868390727864,0.52
0.6137236344671929,0.41
0.6053123196268003,0.4
0.5787214764456565,0.39
0.5771378940692229,0.34
0.5540891245379927,0.34
0.5618272512827426,0.38
0.5418376309322782,0.37
0.5157852398071825,0.35
0.5062527191149865,0.35
0.5005460593794612,0.37
0.4789825969037134,0.37
0.5540104070263285,0.47
0.5463616615733202,0.37
0.5271758375854783,0.35
0.5303766208270925,0.35
0.5861129828000746,0.38
0.6895079196537294,0.45
1.0293727974445177,0.93
0.9395170463932909,0.67
0.9807919641551945,0.66
1.002422053249004,0.59
0.9662981509211582,0.48
0.9611628738496035,0.45
0.9508531102286562,0.43
0.9155092066463959,0.4
0.8756914692769167,0.39
0.8321193425344988,0.35
0.785892305228538,0.36
0.7526743943915357,0.35
0.7171993058508456,0.34
0.6860774001500666,0.34
0.6758705282211515,0.34
0.6602076349362194,0.34
0.6283782477128342,0.32
0.5982266123569424,0.33
0.5694591658972961,0.33
0.5450870392429784,0.33
0.5184673005143191,0.32
0.4925400030260314,0.3
0.46523638595856764,0.29
0.44112756712615847,0.3
0.4491168631736283,0.38
0.43738452152891744,0.32
0.43761867001798344,0.34
0.4372186101203718,0.32
0.4736057965459775,0.35
0.4941538160913718,0.35
0.48895375406841424,0.31
0.4644548996987361,0.3
0.4400005499232028,0.3
0.4222305754247232,0.3
0.42894682897964953,0.29
0.46615551639366515,0.32
0.4777725942648201,0.32
0.4740707240420774,0.36
0.46873872805761385,0.31
0.48555308381993756,0.43
0.47844586282256524,0.3
0.45966614716042636,0.28
0.4576870595464595,0.29
0.462202780576572,0.31
0.44443925494743564,0.31
0.42652493231736627,0.29
0.41950280856207167,0.29
0.40779988607327183,0.28
0.3979809317031965,0.28
0.3811574414847157,0.27
0.3605141444787753,0.24
0.3487315713329897,0.21
0.33425450855618866,0.27
0.3232348785159223,0.27
0.30753833412389314,0.27
0.3051827871765567,0.26
0.317469299919108,0.26
0.30978241960887254,0.3
0.3062299225349069,0.27
0.29628309137453107,0.27
0.2898234112273544,0.26
0.296042085361406,0.26
0.3804942623842133,0.88
0.38411759234689735,0.33
0.3792919329525537,0.29
0.36714388242303575,0.27
0.3711876632368898,0.28
0.37133475878543454,0.31
0.36747548450782097,0.27
0.3723593502530617,0.26
0.36172460000481677,0.26
0.3512193283498251,0.26
0.35392886113195415,0.39
0.3516147284312701,0.27
0.35126680174728875,0.27
0.33972263044880313,0.26
0.3303317253504535,0.28
0.325146497156352,0.27
0.3451677368198984,0.25
0.33145885080853354,0.24
0.3417090388112356,0.25
0.3300494985678447,0.26
0.3120792687408538,0.25
0.29462795131382347,0.24
0.2787943705374397,0.24
0.2680317811625077,0.24
0.25560135890179764,0.24
0.24307058012871163,0.24
0.22962818575759542,0.22
0.21800455330910823,0.24
0.20532163306849405,0.23
0.21335508152869606,0.22
0.22948550537883838,1.25
0.22366496498426525,0.51
0.21148195291402389,0.25
0.19883198582547035,0.22
0.22027690778128048,0.24
0.230432473119997,0.64
0.288602796468372,0.6
0.34075628290428767,0.65
0.3359491545023246,0.32
0.32903372229453626,0.24
0.3452295529193058,0.23
0.3345252503170631,0.3
0.3268077971948711,0.25
0.3165520669195348,0.25
0.32314839896002623,0.27
0.3126255998055829,0.25
0.29994807256538975,0.22
0.34984083510872,0.71
0.35742985763731144,0.36
0.4005637854675728,0.4
0.4071307577437218,0.48
0.42497082594800184,0.28
0.4423500554354571,0.37
0.4612969444825842,0.38
0.44548641835004443,0.32
0.4233083690849688,0.28
0.40022243939399105,0.28
0.38217501185443803,0.27
0.3625517677362825,0.26
0.34267770069359543,0.26
0.3246494134140153,0.26
0.30773189720785393,0.26
0.29145720537744624,0.22
0.2755141983823544,0.23
0.2607690628665455,0.22
0.2606271777356727,0.24
0.27390868917691347,0.45
0.26587248378318923,0.26
0.26080642443813207,0.27
0.25311504497954873,0.27
0.24419317937242097,0.27
0.23236120528975962,0.24
0.2208842471985537,0.24
0.22813026389320662,0.24
0.22397735736913668,0.25
0.22411323959811133,0.24
0.2738948047921779,0.37
0.39440045864781054,0.84
0.41730664031301057,0.83
0.41853540891654156,0.42
0.42630510216583656,0.35
0.4269037204930945,0.31
0.41492680778669105,0.3
0.4058427212624203,0.28
0.3942199097939378,0.27
0.3798105658708041,0.31
0.36892399162501216,0.3
0.35139363960334236,0.27
0.3348860264389731,0.26
0.3190114506779663,0.26
0.3505307539005549,0.34
0.348499574933706,0.3
0.37367094471744455,0.32
0.38555321452007646,0.34
0.3889909778499478,0.34
0.3747464897134498,0.28
0.35591851536157243,0.27
0.34249877550579294,0.26
0.36175211350177305,0.42
0.4062541730591181,0.71
0.4026183362143277,0.39
0.41206169219457334,0.37
0.41675708276600243,0.42
0.4202743243755239,0.36
0.4593612846030456,0.4
0.45781375636111044,0.46
0.4387652448784426,0.35
0.4188681609977373,0.33
0.39788978027532373,0.31
0.40084976504998265,0.3
0.5131672100619692,0.71
0.5316902576349438,0.55
0.5288260761517507,0.43
0.5363596645121601,0.37
0.6027449265573964,0.83
0.6108100612315146,0.49
0.6003424072384568,0.41
0.593439389958363,0.38
0.573654228234875,0.36
0.5706566539027483,0.35
0.5857373593361406,0.39
0.5852444843974383,0.34
0.5645026316438063,0.35
0.544952075203554,0.33
0.5727490842290329,0.35
0.6327267013857029,0.51
0.661643890082134,0.48
0.6498173738989313,0.44
0.6327334046463803,0.43
0.621049832988305,0.38
0.6020292512052444,0.37
0.6013313424042763,0.37
0.5957648708648274,0.35
0.6339187005808162,0.38
0.66707365145786,0.65
0.6504534634950963,0.45
0.6340825496143266,0.4
0.7295997534276558,0.6
0.8430903642319766,1.06
0.8306410316800279,0.66
0.7918648308405276,0.56
0.814445232621643,0.52
0.8068616096670935,0.52
0.7923640450840049,0.48
0.781575890567419,0.51
0.7487042091718275,0.45
0.7159837452352702,0.44
0.691213660933339,0.44
0.6744298753198306,0.44
0.6487230291661095,0.39
0.6290336549801572,0.39
0.6078158300658396,0.39
0.5794161219855086,0.37
0.5508432770922865,0.37
0.5218161582702705,0.37
0.4947804075108856,0.37
0.4674228981885466,0.37
0.4413656364155479,0.36
0.4167393481670991,0.36
0.39348501884415216,0.34
0.3715281016456121,0.35
0.3779815790624039,0.35
0.4801190436910092,0.44
0.8878515617965806,1.23
0.8440871317254326,0.94
0.7283871181638808,0.69
0.6792739032134839,0.55
0.640506976530492,0.5
1.1359137030099122,0.75
2.0144090048160908,1.31
2.156097399738353,1.3
1.6529764630483192,0.99
1.2063150456494307,0.81
1.155668751250786,0.7
1.1656011702256153,0.72
1.1449016463201471,0.64
1.153440054719811,0.61
1.6357977502157606,0.83
1.3290279860149057,1.0
1.2897916032531174,0.81
1.2679266775504971,0.76
1.960136659140927,0.71
1.852434182902822,1.25
1.5147468008871936,0.94
1.4343136760275375,0.86
1.404108517578726,0.78
1.344492883910031,0.72
1.3317810068239107,0.69
1.3715349005762074,0.71
1.338053112907334,0.72
1.2942905199361692,0.64
1.230970227189986,0.61
1.1633016165281227,0.59
1.1249304560331528,0.59
1.2422795530239423,0.73
1.2944615205495007,0.92
3.9636389472261238,1.35
3.7280303692636654,4.53
2.3972442802518352,1.75
1.698234935243235,1.38
1.6065618815380094,1.23
1.518798181597474,1.07
1.4342802066978644,0.98
1.3542698989329809,0.91
1.2787023780919275,0.86
1.2073494689668398,0.81
1.1399779345669294,0.76
1.1911533609027332,0.73
1.2330431591047717,1.11
1.5211177068173642,0.89
2.1144046092628552,1.17
1.5634510408582398,1.11
1.4308519747829538,0.94
1.3465540703144554,0.87
1.2801239817088736,0.81
1.270895073732731,0.8
1.2388572388869086,0.74
1.7605518551619572,0.86
8.524203220251788,8.66
10.058356830124156,7.07
4.872665000999724,4.71
3.4155345898333405,2.97
3.519728580691347,2.87
2.7945418686363666,2.11
1.864517247973337,1.82
1.6665468590928934,1.69
1.7628847709922886,1.63
1.6361767290185112,1.59
1.540890308533066,1.51
1.454488105581123,1.4
1.373285073252541,1.38
1.2966502593460714,1.27
1.2242952560839444,1.24
1.1559780729669722,1.19
1.091473100594047,1.16
1.0305675860905907,1.07
0.97306067292905,1.04
0.9187627148393804,1.01
0.8674946482420838,0.99
0.8190874015391079,0.96
0.7733813375329053,0.95
0.7302257269740572,0.9
0.6894782514869038,0.86
0.7115452339002697,0.88
0.7843844992355717,0.99
0.8315661673121703,1.12
0.9141428223342625,1.13
1.5697225212069972,2.71
1.3833326089720863,2.12
1.2339637055146566,1.89
1.332529222431844,1.81
1.9716429218309546,1.69
1.960346630033816,1.61
1.4959875793562754,1.48
1.4330839645477018,1.39
1.3838823549971397,1.31
1.3123554807807125,1.24
1.2715838169033484,1.19
1.2520799768303115,1.18
1.2761681508800125,1.11
1.3477338010746571,1.29
1.3409925099845696,1.11
1.308194333376534,1.1
1.2805610675310806,1.04
1.2451228715331322,1.02
1.516128167262479,1.07
1.3436348255212405,1.11
1.2585939144404048,0.96
1.1892634151115558,0.92
1.127249907316233,0.92
1.0741697880637702,0.86
1.086489207404233,0.86
1.1074776828221768,0.86
1.687053720832766,0.93
1.3462900587969107,1.12
1.2945668514936335,0.92
1.2755196648244196,0.81
1.2240186827356627,0.8
1.1688942585330915,0.77
1.1719357197882028,0.8
1.1454231736473246,0.79
1.1099863958944733,0.76
1.1201563771109142,0.9
1.1365762091435037,0.8
1.179779305191906,0.77
1.9151102923478514,0.91
3.053568190106424,1.43
1.6685944284398349,1.46
1.3991634984775663,1.07
1.3486752706736072,1.0
1.3952807171178339,0.98
2.1712776438384864,1.15
1.6306557751933104,1.19
1.554069377053187,1.05
1.4939073724089482,1.01
1.48119146234362,0.97
1.4174300165168314,0.92
1.3440253888239528,0.9
1.2860178882831201,0.86
1.3426441624881307,0.89
1.3499848232901472,0.94
1.3582823655387766,0.97
1.7984028753730843,1.22
2.228765792103274,1.78
1.6175843150155254,1.81
1.498794271416117,1.24
1.4255765338055382,1.09
1.3653191834720642,1.02
1.2910914637651796,0.96
1.2578228725229088,0.92
1.6194483894215668,1.03
1.3960918921815477,1.17
1.3423313403603438,0.93
1.3275434799764823,1.06
1.3000551066308768,0.81
1.2482796224499826,0.78
1.1891146280224816,0.74
1.2237423124187574,0.83
1.2722942146129943,0.86
1.3405419770209062,1.0
1.2960267539812413,0.88
1.233588642546001,0.8
1.167717939795381,0.78
1.1060517653220614,0.74
1.0539879990988883,0.73
1.0209420023985365,0.69
1.0447775991454469,0.72
1.024609163151519,0.69
0.9804220018432231,0.67
0.9346671996944397,0.64
0.891548920367391,0.71
0.9054240059453235,0.77
0.8909871035479644,0.63
0.8772264778868046,0.62
0.8551085431894206,0.62
0.8173421063807873,0.59
0.7773264501823196,0.59
0.7469226434525587,0.59
0.7450522943069051,0.59
0.7190592826694981,0.59
0.6861206546008043,0.56
0.6902754949335308,0.56
0.6714753485948615,0.56
0.6623677728050921,0.58
0.6678325246013305,0.55
0.640827170455044,0.55
0.6046089757106488,0.55
0.5719807537011524,0.54
0.5441304636385839,0.52
0.5176721600349418,0.51
0.48975435152007607,0.51
0.48077221047393204,0.5
0.5049928682945247,0.59
0.515823816125099,0.5
0.4933381690453854,0.48
0.4782810864242641,0.47
0.5469094380572253,0.71
0.586161651173422,0.81
0.6436317655647894,0.74
0.666466085048285,0.58
0.6523441275866237,0.47
0.6335578509616384,0.45
0.6037800405428545,0.46
0.6240670819520772,0.45
0.660698817846852,0.86
0.6616348749747244,0.54
0.6341212063012073,0.53
0.6085015278348321,0.44
0.5778384222846967,0.42
0.550892820199467,0.41
0.5221054403275066,0.4
0.49414105603330033,0.39
0.47399605506259096,0.41
0.4511448983810562,0.48
0.42744153668907214,0.38
0.40791991675845635,0.38
0.42922261174213916,0.42
0.4442063419847917,0.41
0.43737576388288635,0.52
0.4414981381689618,0.37
0.4364286785111303,0.37
0.4466261484989395,0.36
0.47736058273779675,0.56
0.4695541563586304,0.36
0.4509631865479799,0.35
0.42718892846229967,0.35
0.4407405760863494,0.38
0.4551505267543412,0.53
0.43597360833378235,0.35
0.41546516915290477,0.33
0.4486440464230626,0.49
0.4444080702302935,0.36
0.42425860547255156,0.34
0.4072531544088017,0.33
0.39781588005345586,0.33
0.3833573944942501,0.38
0.3758847742560164,0.39
0.36253913708249086,0.4
0.34590626450982326,0.33
0.3319937100987404,0.32
0.31973148016881614,0.35
0.32266262706596605,0.38
0.3393911024538171,0.45
0.3382299360617032,0.39
0.32493168260103766,0.34
0.3100003692280719,0.32
0.29385511415817367,0.33
0.29998890520786925,0.36
0.32229957167328693,0.51
0.33412370970104704,0.36
0.3306481522705567,0.32
0.3287978918042856,0.36
0.3215286518169015,0.32
0.3290591752454428,0.33
0.31542358846521623,0.34
0.3015390005068592,0.3
0.2855619109327139,0.32
0.27057049152433477,0.39
0.25567337547644103,0.38
0.24181240792380626,0.38
0.23381088204767356,0.38
0.2276225296510298,0.37
0.21823424434472247,0.37
0.2081232379317043,0.34
0.19691626018020475,0.28
0.18717181868840707,0.29
0.17770090984189127,0.28
0.16946802383753667,0.29
0.16791822073366025,0.29
0.17342774902633493,0.29
0.18173308569986793,0.29
0.18998069582979402,0.3
0.19766291213640055,0.3
0.20020856367672402,0.29
0.22087730884632445,0.28
0.27670330091229983,0.4
0.2758195424076907,0.38
0.2629185978158596,0.28
0.24898395021296796,0.28
0.23615390199160569,0.28
0.2243833608472409,0.28
0.21359865868949024,0.28
0.20367718950703845,0.28
0.19430430144366595,0.27
0.18679550194747546,0.27
0.18444099771344408,0.27
0.18522322461754956,0.28
0.1903231437127444,0.27
0.2047837305830259,0.3
0.21665016765705924,0.28
0.34416868709097825,0.61
0.3653485519260791,0.61
0.380888843236122,0.3
0.37626871220242053,0.28
0.3656301281074643,0.28
0.3479953389477337,0.27
0.3312105667113595,0.28
0.31699031521826765,0.27
0.30153845827457704,0.27
0.2892909764284853,0.27
0.2742635829667633,0.27
0.2601087939749114,0.27
0.24655632170381447,0.26
0.23391040300265015,0.26
0.22186066452667969,0.26
0.21016887408808999,0.26
0.19869075623949425,0.26
0.18748983186621762,0.27
0.18311162238022385,0.27
0.17711833385220666,0.27
0.17723140165036638,0.28
0.18720934737573222,0.31
0.20096727889036872,0.35
0.19835778622859193,0.28
0.19283176550577616,0.27
0.19367709245390133,0.27
0.18693981944686286,0.27
0.17816888152061996,0.27
0.17039859376112865,0.26
0.16277366942572563,0.26
0.15710162007809408,0.26
0.15754540189992822,0.27
0.18719823779283912,0.27
0.18821322662859769,0.31
0.2294885567818211,0.27
0.25561774951672567,0.43
0.2544049974487619,0.28
0.24820514890874143,0.27
0.2366181175362157,0.27
0.2257606030714662,0.26
0.2235202823775152,0.26
0.21737704410442116,0.26
0.2071113482673486,0.26
0.19715505816242235,0.26
0.19020748352837788,0.26
0.1925465030711947,0.26
0.20805952917742254,0.31
0.21261155481009578,0.28
0.20991748939896657,0.28
0.20592466710865046,0.27
0.20459402572737953,0.25
0.22174406439072092,0.26
0.21884788288606496,0.24
0.21199330825597024,0.24
0.20949094136641513,0.24
0.20181159205390375,0.25
0.19088267420138139,0.25
0.19632653687824939,0.25
0.2523003087024676,0.38
0.2778701153652181,0.39
0.2805923340806012,0.28
0.2707742335052393,0.26
0.25633511945731596,0.25
0.25929072559063054,0.25
0.2784895859075937,0.3
0.3164193523456885,0.39
0.3304466614513418,0.31
0.34851932240408307,0.34
0.3574147461970767,0.34
0.3548134715978423,0.29
0.34101001293968985,0.26
0.3226734152049847,0.25
0.3190684105355039,0.25
0.3136585782839848,0.25
0.3305486959108205,0.25
0.36683345353171937,0.23
0.9852720453855383,1.16
0.6194268504418348,0.71
0.5685666768424027,0.39
0.5801788491329178,0.34
0.5940841877547612,0.34
0.5871645798872677,0.32
0.6228441822888855,0.31
0.6544102181039769,0.39
0.6510508585534288,0.34
0.6313778387101785,0.33
0.6339021785001216,0.33
0.6031344044216002,0.32
0.5699460991965608,0.31
0.5381872990784948,0.3
0.5081599938624229,0.33
0.5717943784250906,0.37
0.6552648994737439,0.57
0.6947670474946234,0.49
0.7250207579779054,0.4
0.7138125158268721,0.38
0.7057584494066018,0.36
0.6843400807944731,0.35
0.6630286327383231,0.33
0.636908179597872,0.32
0.6026626091530835,0.32
0.5691638352282853,0.32
0.5374163030405971,0.31
0.532555805797251,0.32
0.5059326703480693,0.31
0.47801584627171056,0.3
0.4513722577869358,0.3
0.4261879732808474,0.29
0.5622782698132628,0.47
0.6409965093491633,1.14
0.6640212037668514,0.48
0.6693859633458712,0.4
0.7042012556232067,0.56
0.7325502845565244,0.48
0.6998713754105439,0.41
0.6619875908389954,0.39
0.6251693449047131,0.38
0.5902958354480058,0.37
0.557357709381017,0.35
0.5262565780313438,0.35
0.4968908359713834,0.35
0.4691637293948454,0.35
0.44298382802625874,0.33
0.41826479663348515,0.33
0.3949251169728445,0.33
0.37288781956104594,0.32
0.35208022989972165,0.31
0.3324337288146405,0.31
0.3381764686435574,0.31
0.40259295595703803,0.33
0.473857176286109,0.38
0.4901948498109675,0.41
0.5128378784939676,0.38
0.5177972064977573,0.36
0.5077655030093323,0.33
0.4816650145279139,0.31
0.5312730115516168,0.32
0.6758270084371979,0.41
1.6649890039673134,3.85
1.2281375006220985,1.54
1.013839308294871,1.27
0.9831226397497441,0.99
0.9820079466387743,0.81
0.9616562815322478,0.73
0.9594402769245051,0.61
0.9515656937541361,0.55
0.915577734127834,0.55
0.8766948837932942,0.52
0.8292316942351562,0.49
0.7831066013550323,0.47
0.8138416801833593,0.49
0.8047660997713196,0.51
0.76413765959452,0.48
0.8416166214675671,0.49
0.809432492493934,0.52
0.7657686203163394,0.46
0.7231823522341818,0.45
0.7142411681203492,0.45
1.0902686664963945,0.66
4.60222421367677,8.09
4.239067089660004,5.57
3.243352212653788,2.77
1.5002194166038323,2.02
1.2077545728411356,1.47
1.1153129951743899,1.25
1.1203129517947576,1.13
1.142604844768017,1.02
1.1189843942824036,0.93
1.0675886476591163,0.86
1.0106542720176082,0.83
0.9573378833330886,0.81
0.9806368093536746,0.82
1.0266278437859349,0.94
0.995863312764579,0.78
0.9731162009603989,0.77
1.020279834826218,0.81
1.2082475830848125,1.34
1.1473874742225292,1.14
1.2178275780696453,1.08
1.2606316388385388,1.03
1.3342305334134243,1.0
1.332159926580928,1.05
1.3102817926841555,0.93
1.3353765041467056,1.07
1.3570223729594968,1.1
1.3460167663598024,1.16
1.3424634839924878,1.03
1.2889772535107014,0.92
1.2246272940256488,0.85
1.1631752128323933,0.83
1.1425406380550587,0.8
1.1662982878966592,0.88
1.1372873035056263,0.75
1.171011960916694,0.88
1.2962990409165156,0.89
1.273564679414349,0.98
1.2680387365810448,0.86
1.3499296404056533,0.99
1.3790965633362273,1.04
1.3508783585782278,0.93
1.2990950746181968,0.86
1.2393233766122143,0.83
1.1747772483116201,0.79
1.126984185944866,0.77
1.0733215922137809,0.74
1.015718121657253,0.69
0.9857061409601656,0.68
0.9996590078692198,0.68
1.2357906580637632,0.76
1.1338949029478163,0.83
1.0911721072359537,0.66
1.044885003563385,0.63
1.0061704910237965,0.61
0.9575183913700355,0.6
0.9068158960403843,0.59
0.8599292553724813,0.59
0.8165241619843727,0.57
0.7736166122199575,0.55
0.732336614868576,0.55
0.6978414093475114,0.55
0.7040650458171397,0.56
0.7028193151676082,0.55
0.6679005042435032,0.53
0.6389497558081387,0.51
0.6906868093300672,0.59
0.6947332396124846,0.53
0.6789616988609057,0.49
0.7060016056298677,0.52
0.761704244643232,0.56
0.8575408898155488,0.67
0.8713022760753711,0.6
0.8862033961142636,0.53
0.87209525626193,0.56
0.8560245940876197,0.51
0.82783386466869,0.51
0.7901207518112391,0.46
0.8558458204008018,0.49
2.2673450633942025,1.17
2.4792793312081116,1.46
1.8419784093057439,1.9
1.900988736200014,1.09
1.4106668332857093,1.19
1.328349180165523,0.88
1.312014263007471,0.74
1.2781027200368464,0.73
1.2323686359419204,0.62
1.1823073051726904,0.62
1.1346157348624186,0.56
1.0816704774265737,0.55
1.026055318075616,0.57
0.9744396210006712,0.51
0.9227242671642897,0.5
0.8735508808510086,0.48
0.8257569525715094,0.47
0.7804243217661683,0.45
0.7372442002342288,0.44
0.7087746830996606,0.44
0.7279877261891808,0.71
0.7641139282184489,0.84
0.7352035020769557,0.46
0.702410467837614,0.44
0.6876296817114225,0.43
0.6827511867821294,0.42
0.6877713358298014,0.43
0.6954678360439382,0.41
0.6698571816908363,0.41
0.6336842083090374,0.4
0.6173528459747283,0.4
0.6632235230910849,0.47
0.6639717750939055,0.44
0.7513507922810043,0.43
0.8290774507641345,3.03
0.802767709664653,0.51
0.7625486527466531,0.42
0.7170556207041648,0.39
0.680258858261267,0.38
0.644590321192849,0.37
0.6405769434031231,0.37
0.6494075164249189,3.76
0.6854635829003011,0.59
0.6736327718224435,0.5
0.6439130350901014,0.43
0.620320874309729,0.41
0.5909678766924666,0.4
0.5803075259445769,0.42
0.5624239159127529,0.41
0.5602309438697692,0.6
0.5314043017175367,0.39
0.5005684496040056,0.37
0.47152873526476236,0.37
0.44513121994522503,0.37
0.42063002913691877,0.37
0.3986668116164502,0.36
0.38016926842820653,0.35
0.36335503123990853,0.33
0.35650075371881645,0.36
0.34246161482771625,0.34
0.3250384863608704,0.33
0.3093005178948361,0.34
0.29257976504872546,0.32
0.29644175699339287,0.31
0.304972160379401,0.48
0.29441848020959127,0.33
0.2943957821540713,0.36
0.3070175967292284,0.37
0.30059447066325556,0.37
0.2890876335055772,0.36
0.28310964833187235,0.35
0.2790239125181607,0.46
0.2928596488808257,0.4
0.2822977153185788,0.38
0.2750380372133694,0.37
0.26533381381107196,0.37
0.2936681791145125,0.43
0.3421869448657266,0.67
0.3504076905321441,0.77
0.34665832368933097,0.47
0.3558189123511427,0.47
0.3647673583621886,0.52
0.36248975285831847,0.37
0.35173073749289835,0.34
0.35072512803507566,0.47
0.3377513965564128,0.41
0.32847712478694796,0.48
0.3305309558401616,0.34
0.35079744518571704,0.59
0.3412118447956781,0.35
0.33213518762807565,0.35
0.370334038562146,0.48
0.38085321656163573,0.38
0.4300120778952898,0.71
0.5310303268185956,0.98
0.5618120049672248,1.09
0.5909499221278854,1.12
0.575486399977857,1.05
0.5494618927473847,0.78
0.5298122259850776,0.7
0.5291081571570833,0.57
0.5113948307283835,0.47
0.4891760029935639,0.47
0.46474098045883844,0.47
0.44386699404345187,0.47
0.4194278071781743,0.47
0.3964481724182348,0.47
0.3763167511863432,0.45
0.3587936262664788,0.44
0.3411203598793975,0.44
0.32404725824914143,0.44
0.3082302129562709,0.46
0.2980117832053444,0.4
0.29246492334678575,0.4
0.2962257521862473,0.4
0.30038139123809304,0.4
0.2930557848277128,0.4
0.28148896447789606,0.39
0.26724792961022614,0.38
0.2534555323327278,0.38
0.24200962841305967,0.37
0.23005778650698044,0.37
0.2606589277064112,0.37
0.31403286499984234,0.78
0.31689153434269973,0.41
0.3166384456271564,0.38
0.3084122822266221,0.37
0.30263143792378916,0.37
0.3129316787860019,0.39
0.3833983299089168,0.43
0.7958038415429184,2.18
0.5889226623594277,1.69
0.5467958858610026,0.71
0.5413934339049289,0.59
0.5285268886071924,0.53
0.5037769371231481,0.48
0.4776047359416134,0.47
0.45533219787807094,0.46
0.4328240277101908,0.45
0.4170652050997804,0.42
0.4184573109700131,0.41
0.40940782414188204,0.41
0.3884996427608967,0.41
0.3672812057833918,0.4
0.34760743821683115,0.4
0.3324565598397062,0.4
0.3289862056991063,0.4
0.32715489024828037,0.4
0.34049662386810087,0.5
0.3316055470575436,0.4
0.4106984769574022,0.45
0.47809116236116717,2.57
0.4694771393971781,0.82
0.44788388760394454,0.62
0.45230021768480505,0.57
0.4609034277510288,0.52
0.46189952944213986,0.57
0.4550851174559458,0.5
0.43952700064374356,0.5
0.41915441246641283,0.49
0.39866444270100126,0.47
0.38688372299343876,0.48
0.382763406047835,0.46
0.3734596774364811,0.45
0.3627890183142363,0.44
0.3483876932427188,0.44
0.33768072436577296,0.44
0.33450924927617254,0.45
0.32648232199924415,0.43
0.3772039241772628,0.47
0.40221919517211197,0.52
0.5040573509620346,0.57
0.5559169355796133,0.72
0.5446192462823156,0.59
0.52635112543877,0.54
0.5304625706293385,0.53
0.5233177086709917,0.53
0.52198269987006,0.48
0.5355275116812958,0.47
0.6419810708488958,0.78
0.7045745436630365,0.99
0.7255243973076276,0.74
0.7223610279504009,0.72
0.7069573056932749,0.63
0.6829856854788231,0.57
0.6567502901571346,0.55
0.6298790361206376,0.53
0.6134861281828631,0.56
0.593700918000997,0.5
0.5620898886234171,0.5
0.5400825447836703,0.49
0.5237932383575556,0.49
0.6261721245801767,0.65
0.6932576439071558,0.98
0.7772142958822406,1.01
0.7848678482636413,0.84
0.7763908550175694,0.75
0.7815736060993161,0.67
0.7715561696015667,0.61
0.7710378722678968,0.57
0.7766559948944358,0.7
0.7569412899494203,0.6
0.7242026606325626,0.58
0.6912770867890565,0.56
0.6747686991011553,0.56
0.6619800510139036,0.61
0.6356216982987803,0.56
0.6059914055125024,0.54
0.5799772790245469,0.53
0.5582449980116445,0.51
0.5322380294262952,0.51
0.5080858120038979,0.5
0.48477846406099045,0.49
0.47277919359532816,0.48
0.4539552970841262,0.47
0.4325290014245337,0.48
0.4363942534549814,0.49
0.4375362408812951,0.52
0.43088802962904593,0.48
0.420929792337416,0.49
0.562440469326484,0.72
0.721883638282979,0.99
0.7218593468343345,1.0
0.7350536980467597,0.8
0.7789777444564162,0.71
1.1013487092642271,0.89
0.9603813698251147,0.92
0.9978523231697682,0.83
1.1737092995962608,0.97
1.0994059436303594,0.87
1.1178982974529197,0.83
1.126124666398225,0.86
1.1046464699333431,0.76
1.0645034002136344,0.72
1.0355876614517683,0.68
1.0156603490231668,0.67
1.007001254047526,0.69
1.9350518287876584,0.78
2.2869935237659043,1.5
1.9408853856162265,1.13
1.3982402233029085,1.32
1.314835537595421,1.04
1.2853347759458433,0.95
1.2190337159580054,0.92
1.1515628157855586,0.81
1.0873574139568158,0.76
1.0610702322145424,0.76
1.5625502383671104,0.85
2.3178946837633045,1.61
1.4550002318996837,1.25
1.3232849675624903,1.06
1.3030496820589335,0.97
1.2730594341788932,0.92
1.2316199183044638,0.87
1.1914956630191837,0.83
1.1934144588878501,0.84
1.2474922171205325,0.86
1.9057243215774837,1.01
2.193385570866059,1.34
1.5604818945684242,1.33
1.5036439315050363,1.1
2.613471628823194,1.33
3.309829620198394,2.33
2.7011137625105137,1.69
4.022455832207671,1.53
3.6184061293930343,2.75
2.097588702925348,1.52
1.8160780097729496,1.3
1.7249855857876781,1.18
1.6650199253642706,1.11
1.589443463941266,1.0
1.5109755496550719,0.97
1.4473345356184186,0.91
1.3952033090422349,0.86
1.4099965186659476,0.91
1.8709274850228859,0.97
3.4748207931552386,1.64
4.469972208875864,2.01
4.4871948374123125,3.07
3.8024334845133922,3.27
2.935778836045965,2.73
2.895630834551591,3.4
2.0061262701482843,2.38
1.8676843707300559,2.05
1.832535358337972,1.86
1.8434483154018952,1.92
1.837761576968423,1.71
1.8195478916636019,1.59
1.7976226386535978,1.58
1.7185199932968527,1.46
1.6298339332720606,1.43
1.544567802182972,1.38
1.4893223201103312,1.32
1.4131545033362019,1.29
1.3613420022104918,1.24
1.4484306770601767,1.23
2.111172174080584,1.3
1.8628943509872573,1.53
1.6061212630027573,1.36
1.5429300709627027,1.23
2.298956439498235,1.35
3.213074293542528,2.18
3.940665087266936,2.94
2.6495261762184974,2.28
1.8532476453998852,1.81
1.6731412031212753,1.65
1.5755359554562332,1.55
1.5168013400932239,1.47
1.4537570486198117,1.4
1.4262757639518564,1.34
1.3671256059342525,1.24
1.298958908817458,1.24
1.241269186014266,1.22
1.2075884928336051,1.18
1.1442321566624727,1.15
1.085958039141539,1.11
1.047870053430294,1.08
0.9952248040450307,1.05
0.9458986350868357,1.04
0.9065591368669329,1.01
0.8651076704042355,0.99
0.8206585627809345,0.98
0.7811756915336863,0.94
0.7437789024667637,0.9
0.7054310063407102,0.87
0.6697565877964284,0.86
0.6420650251988546,0.85
0.6212183866286843,0.85
0.5893398120966238,0.81
0.5624003513916803,0.79
0.5319969754642346,0.78
0.5044117173096512,0.76
0.4824659985782703,0.74
0.48288828344135,0.74
0.46301353778953297,0.72
0.4386278210630708,0.69
0.41790459704719624,0.69
0.399162909584888,0.68
0.3887943906463225,0.65
0.3679703606059124,0.63
0.3479993133414506,0.6
0.32922208165966893,0.59
0.31410531169432476,0.59
0.30626242600296705,0.59
0.3349298295046851,0.58
0.3246886864007822,0.57
0.423082289847658,0.57
0.6507004918326932,0.83
1.2998564416916718,1.39
0.8093172637972752,0.87
0.7633948753195122,0.62
0.7532537335268974,0.66
0.7249169586959678,0.56
1.2207530768763761,0.85
0.9820879757615508,1.07
0.9529265908223563,0.69
1.0360783224862202,0.87
1.0159446400803893,0.64
0.9733580201397285,0.58
0.920610044451569,0.55
0.8821412876368322,0.54
0.8676459037767681,0.57
0.8585031550698624,0.64
0.8227633643826507,0.52
0.7906653445575278,0.5
0.7629540097591215,0.49
0.7988246539298071,0.58
1.3636614145121815,0.68
1.641608172491551,1.7
1.102764352190317,1.07
1.0083669277838017,0.64
1.415618173073943,0.89
1.3318619305471215,2.23
1.2020056805012815,1.32
1.1514607512293704,0.81
1.1013861434266048,0.71
1.0582584157801904,0.69
1.0086558170795454,0.63
0.966652172134106,0.58
0.9470691386626542,0.78
0.9371452550422805,0.63
0.9236171912551643,0.73
0.9143332036530525,0.57
0.8767356635194864,0.56
0.8463338876474041,0.54
0.8913863477223951,0.59
0.860852448909575,0.55
0.8311882024320341,0.5
0.8621626169067054,0.66
0.8298371901485849,0.79
0.8216653052083529,0.52
0.8482469901912726,0.56
0.8298207615086974,0.53
0.827120595969347,0.61
0.7954601869413473,0.53
0.7822087443676514,0.5
0.8071274012410571,0.55
0.8038555620733561,0.51
0.8342601567930378,0.65
0.8301013665353086,0.59
0.824665989604092,0.55
0.8041888132743529,0.5
0.8181244978509772,0.6
0.8816316364431707,0.65
0.9458593729449333,1.21
1.0127113608625524,0.91
1.0176286467456006,1.17
0.9738976672460826,0.74
0.9491304792795671,0.64
0.9775278866396242,0.86
0.9673452766654045,0.77
0.9387215114235994,0.81
0.9110028187992989,0.65
0.8802847812527512,0.59
0.8350658520100049,0.57
0.7910331128316708,0.62
0.7503856230109692,0.53
0.7376009772922498,0.51
0.7186298351918496,0.59
0.7206679988400482,0.59
0.7073809649120636,0.79
0.7396934897610955,0.62
0.7170435168654207,0.56
0.7038866469545203,0.5
0.6993152692656014,0.62
0.6658667455203466,0.5
0.6315856356243339,0.46
0.6061006145937685,0.41
0.605095560420438,0.44
0.6469945622011184,0.53
0.6290205953162954,0.57
0.5996551323177041,0.44
0.5686650128809426,0.44
0.5497457579045342,0.45
0.5326735469020021,0.45
0.505526781942212,0.41
0.4780841037787229,0.4
0.4522585046140406,0.41
0.7042922626722113,1.13
1.3221739140072266,1.42
1.155830277757328,0.98
0.9350503336835568,1.21
0.8804577538162525,0.97
0.8602468881242294,0.74
0.8752725479919198,1.16
0.8477408000803361,0.72
0.8266288174980458,0.63
0.8068603381074634,0.59
0.7693852112274504,0.55
0.7314704400975022,0.55
0.6977589921535868,0.52
0.6713694034667563,0.54
0.659712581538709,0.51
0.6344776041400876,0.51
0.6061969598995399,0.48
0.5756066717475731,0.47
0.5476101713262016,0.45
0.5207378796590139,0.44
0.4995522802878282,0.45
0.47827709024947873,0.44
0.46272012072246177,0.44
0.44014697474574327,0.43
0.4421688935322792,0.43
0.44035003021196234,0.44
0.4665205305932255,0.44
0.5491354670533325,0.77
0.5427611232770082,0.58
0.5224997801904729,0.45
0.5256312063110572,0.44
0.5233028971696642,0.44
0.5204396104905004,0.44
0.5133660971965411,0.44
0.522464061662258,0.45
0.5143548767374977,0.51
0.497055617346676,0.41
0.4720877412361735,0.39
0.4482029900403695,0.37
0.42838800122692394,0.38
0.4065325174712123,0.37
0.39820964929996083,0.37
0.43994135442940097,0.54
0.43118981207509105,0.38
0.4123889463068766,0.37
0.3916279455525604,0.37
0.3728713830330263,0.37
0.35595603777319434,0.35
0.343697809261274,0.36
0.34001433450474045,0.41
0.34211061709979856,0.37
0.4259835072455573,0.65
0.4330546577585983,0.46
0.422704701204614,0.41
0.4024753936788411,0.37
0.385780560589808,0.34
0.38683469887046157,0.38
0.3952176632303318,0.42
0.3912815308991704,0.41
0.3934393751538695,0.44
0.37727740513486974,0.38
0.3592161704214795,0.36
0.3410112435166527,0.36
0.32917031624877946,0.36
0.3175983033164415,0.35
0.3029459509260685,0.35
0.29993703842453917,0.35
0.2924647410399014,0.35
0.27703504094994036,0.35
0.26333957607226355,0.34
0.2521692583690377,0.34
0.24533322186115136,0.34
0.23673014493590405,0.35
0.22742650384025415,0.34
0.21815539480833043,0.33
0.2266429101465726,0.33
0.22364204986283268,0.33
0.21932194953686723,0.33
0.2182913612373147,0.33
0.21652614782355986,0.32
0.21328294770147424,0.32
0.2103547714569185,0.32
0.20772760507454946,0.32
0.20516928570115334,0.32
0.2107497217973652,0.36
0.21927344477323332,0.32
0.2148988446550388,0.32
0.22266118172296204,0.32
0.23219653921840666,0.31
0.23099181408518316,0.31
0.23002071050243914,0.31
0.2338066424843192,0.34
0.2949458099075665,0.35
0.3713678150268357,0.47
0.4327756485928548,0.62
0.770408878199895,0.78
0.9507143172621673,1.45
0.7388250662613602,0.85
0.7471348399212081,0.63
0.8241233164836855,1.4
0.8171677537308066,0.81
0.7983113910002595,0.58
0.7813652850356967,0.53
0.7551927056751739,0.51
0.7226667703242031,0.51
0.7015797351223636,0.49
0.6984044011781745,0.47
0.6907864702592442,0.47
0.7777231234986522,0.67
0.7828111188971243,0.66
0.8112481155885134,0.6
0.8272092890425554,0.81
0.8145828542729019,0.8
0.7901879718617518,0.66
0.7994817992575209,0.6
0.8415625922061578,0.88
0.8583784111237263,0.72
0.9072887543198813,0.68
1.2603235503326669,1.46
1.1325181374522544,1.75
1.1265620096148368,1.25
1.268201630820925,1.14
1.8418830297535511,2.45
1.4286525789735807,1.7
1.4060084405666227,1.73
1.4731782921324994,1.66
1.5212281750426913,1.69
1.4916979024297912,1.41
1.4384420766608361,1.18
1.3723498534193603,1.06
1.3006504871402185,0.96
1.2350979266974647,0.87
1.1699148661823189,0.84
1.1050737704891975,0.79
1.0434537521102645,0.74
0.9852320248043673,0.73
0.9302552868380891,0.72
0.8783459572557091,0.69
0.8293331977401456,0.68
0.7830554062579821,0.65
0.7393599710337757,0.64
0.6981027937237154,0.64
0.6828819872171316,0.62
0.6635092809313154,0.61
0.6861140588077139,0.61
0.6899125778749248,0.68
0.6692724151529111,0.62
0.6499075989367924,0.6
0.6161265355172225,0.59
0.5943204053391394,0.59
0.5747008579950308,0.57
0.639143611979586,0.67
0.7812347134937601,1.62
0.8141709873720543,1.32
0.823093915753231,1.13
0.8428995370454035,0.94
0.8334850764144186,0.9
0.8094922557519921,0.86
0.819056734619606,0.83
0.8145013329647728,0.75
0.7931279125974569,0.74
0.7610049932501189,0.71
0.7637603150417268,0.81
0.8261147390530331,0.73
1.0870614616010466,1.27
0.993425015570051,0.99
0.9734855935093283,0.87
0.9724132702647972,0.83
0.9677921513284886,0.86
0.9405517429067481,0.75
0.9053616314691867,0.73
0.8611432124943033,0.72
0.8230943584845027,0.68
0.8030318238964503,0.68
0.78404658372433,0.66
0.7583301650379111,0.66
0.766981103406407,0.65
0.785035338140206,0.69
1.3248759940667032,0.91
1.031840586803726,1.38
0.9548160668500405,0.92
0.9388219346573441,0.86
0.9943653892938895,0.83
1.0560502309538375,1.15
1.067427044554599,1.03
1.0292154236267446,0.9
0.980388199103155,0.85
0.9336239121958355,0.8
0.8886725732438585,0.77
0.8472047986974598,0.74
0.8063011077310195,0.73
0.7882577496662605,0.7
0.7804048154432257,0.69
0.7385922195768926,0.67
0.6972184616929525,0.63
0.6601129328837193,0.64
0.6324770621697593,0.64
0.6641436054961074,0.64
0.7208153324030614,0.71
0.7130439871813327,0.64
0.6937029654579511,0.6
0.6587011947221146,0.6
0.6589346234236396,0.59
0.7002651485570323,0.6
0.7745603133890036,0.74
0.8575620891415832,0.59
4.339575830451287,3.52
5.239684137762205,9.83
4.871181860244892,4.56
3.3100878998234573,3.35
2.4625390922389716,2.85
1.5155763569818848,2.03
1.3411035356511611,1.71
1.3136025234691093,1.56
1.3081703103963311,1.49
1.2891046780353324,1.37
1.2652198405327018,1.33
1.664207503189873,1.31
1.843034988897255,2.27
2.2919164788350406,1.68
8.0840144900537,6.64
3.6141905501325304,4.45
3.3731305725683445,2.87
3.6653686711086957,4.12
2.3216050769481864,2.56
1.9067828487797023,2.23
1.8765620060757104,2.05
3.910877968216434,3.63
3.7539290584121336,4.22
3.0027778027760994,3.24
2.2362984793720506,2.53
2.077183595257143,2.39
2.26181371158715,2.45
2.2413872717974535,2.41
2.102854510068709,2.13
2.0432954074140657,2.04
1.9374752208879105,1.92
1.913353025244615,1.84
1.8470807313822803,1.73
1.838743730603697,1.68
1.8382960797918064,1.62
1.8551093234931546,1.62
1.8971389783507124,1.65
1.9112229000573686,1.63
1.8722095595210297,1.6
1.8145013547382478,1.54
2.3058633733359204,1.76
2.682455943481218,1.96
3.299780630286167,2.58
2.3757821596029847,3.38
2.015785535424797,2.0
1.961019379170591,1.84
1.9804809425006455,1.76
3.9874412359883156,3.78
3.5824309146785627,4.26
2.577488980938801,2.51
3.7640160451597384,3.46
2.6237813430273227,2.83
2.3429056250435734,2.32
2.940463795865848,2.36
2.328957858782292,2.14
2.1757064939412207,1.94
2.1027498890329426,1.87
2.0215884883329234,1.76
1.9221982275867222,1.75
1.9174609594230339,1.75
1.9011543108631461,1.75
1.8865536961140892,1.76
1.8266854077200574,1.78
1.7453732838378726,1.51
1.657185210735248,1.36
1.5685740431955086,1.31
1.4871746522270355,1.28
1.4099867699983186,1.23
1.3336922984754997,1.19
1.2618216427486424,1.17
1.1944243129525745,1.13
1.1297364812098551,1.1
1.0692744320663814,1.04
1.0117603003622317,1.03
0.9574964669016641,1.0
0.9089509157958139,0.98
0.8834770081086056,0.98
0.8626021424548294,0.97
0.8675105345348983,0.92
0.9252242729466527,0.94
0.9406437511587901,1.01
0.9096418324250541,0.85
0.9081017082364397,0.85
0.8956570739414724,0.83
0.8587325499321068,0.79
0.8210010700658393,0.79
0.79329619516686,0.78
0.7718779688043678,0.75
0.7377062543386944,0.73
0.709142551186722,0.71
0.7432178752893335,0.69
0.8561942406241038,1.1
0.9176077076579806,1.08
0.8896745034876954,0.77
0.8769479147782391,0.69
0.9681739723952911,1.33
0.986695243422597,0.7
1.0451504154622906,1.02
1.0154656282143457,0.72
1.015249716832807,0.65
0.9774041663454195,0.79
0.9290266156578599,0.69
0.8872388594591682,0.63
0.8548950028458966,0.6
0.8585826320411427,0.6
0.8395143966167029,0.66
0.8022137017902389,0.58
0.7900677714006809,0.6
0.7723439154286764,0.66
0.7598039388490309,0.59
0.725414961353136,0.57
0.6936773167985335,0.55
0.6813380547357185,0.54
0.6562710257434056,0.51
0.6288021795274493,0.5
0.6213444613569219,0.5
0.6173579778551388,0.49
0.6510959616072705,0.64
0.6263344684374922,0.61
0.607815495070405,0.46
0.6010137695840703,0.46
0.5787015898134684,0.47
0.5609712399273022,0.46
0.5319726887008657,0.44
0.5097725724103892,0.81
0.5481727641516837,0.61
0.5317759160329592,0.5
0.5035624718821494,0.45
0.49938586090192494,0.45
0.4825250389694199,0.46
0.4706948393163617,0.43
0.45646945985850507,0.43
0.43388399659947735,0.42
0.43738659267366753,0.49
0.4431323313216939,0.45
0.4359878333775195,0.44
0.4174431041681511,0.42
0.39704982856103305,0.4
0.39860042983261,0.4
0.4203037046301701,0.46
0.4182440627592084,0.41
0.4068259030242415,0.39
0.38675453733607,0.39
0.371430355307346,0.39
0.3727514650178051,0.41
0.36026594075908863,0.4
0.3420062162703255,0.37
0.33400507000650237,0.37
0.33508559778095726,0.63
0.3230651974813329,0.48
0.3062109723603519,0.36
0.3037186834987147,0.37
0.29277838000854656,0.36
0.28013258982372957,0.41
0.2787018888931442,0.36
0.27825562309162005,0.35
0.291916624619931,0.35
0.33784825928156414,0.91
0.3295052697311443,0.41
0.3130787531143987,0.35
0.30068505988878513,0.35
0.309557097970745,0.37
0.3058951998212039,0.35
0.29457620070364654,0.34
0.32273991204993135,0.5
0.38840386806015675,0.68
0.3818823775715369,0.38
0.37171213309666395,0.34
0.4443943457628893,0.7
0.4405645612248081,0.39
0.4191106523720315,0.34
0.4029612038568006,0.34
0.39840901644408133,0.39
0.3840425046178764,0.41
0.36643531627156695,0.34
0.3576446401933223,0.33
0.35024519609788385,0.44
0.3380390396110634,0.33
0.3318759332434939,0.33
0.31991314004954496,0.32
0.30542577634510487,0.32
0.29821173722060934,0.32
0.29734001774415453,0.32
0.28373237921208605,0.31
0.269347607572904,0.3
0.30677581309395163,0.82
0.3027258386040309,0.36
0.3096887381129066,0.38
0.3502593875629168,0.5
0.34737325591860585,0.38
0.35887500735205274,0.34
0.3579724950717704,0.39
0.34343123745347914,0.32
0.32517290662111104,0.32
0.3173941311325152,0.33
0.3091818665948063,0.33
0.32107678923022154,0.32
0.36184625385009805,0.41
0.3515632729467559,0.33
0.3373921598534853,0.31
0.32529411110571893,0.31
0.31356317806619705,0.3
0.2983647538867414,0.31
0.2827802615441678,0.3
0.2699513079263471,0.29
0.25791365715672604,0.3
0.24915146105980734,0.32
0.245918714462875,0.31
0.2392950286266495,0.3
0.23162423463679602,0.3
0.21965657215461876,0.29
0.2079167109321004,0.29
0.1972423941469972,0.29
0.19185207549551195,0.29
0.21266299448610762,0.32
0.27266351567013086,0.43
0.2762694868983346,0.43
0.27306229467223764,0.32
0.26958964476565284,0.33
0.2611292214724015,0.3
0.26672160586706245,0.35
0.2676995242537023,0.34
0.26014535803775984,0.3
0.25748899974361883,0.3
0.2521665005193306,0.29
0.2420660077168477,0.29
0.23105461061895258,0.29
0.22302661033851234,0.28
0.22564803964500885,0.28
0.25732886467993316,0.28
0.35388914596177823,0.84
0.3576099290256741,0.49
0.34276371459090044,0.32
0.3267751073390163,0.3
0.31207246536620037,0.3
0.31056841854747597,0.32
0.3794262724500125,0.4
0.3769714705906836,0.35
0.36088244073426023,0.3
0.34492309257634646,0.3
0.3306952421382991,0.29
0.3605992302043387,0.35
0.38598701659258977,0.39
0.43144552756912463,0.37
0.49266850140033597,0.57
0.4884909000802023,0.42
0.4697347581886425,0.35
0.45589655014887026,0.33
0.436101684062118,0.32
0.41965182041738136,0.32
0.4018615817618749,0.3
0.38837615586827906,0.3
0.3731985979264144,0.3
0.3573668541609777,0.3
0.3503381275705254,0.29
0.3401352785188336,0.29
0.33969490601808705,0.3
0.3356625476841103,0.29
0.33163749264541553,0.29
0.321725903732861,0.29
0.31999825274408655,0.28
0.3261392558694598,0.29
0.3324335120867674,0.3
0.3282649164287309,0.29
0.3210581937716912,0.29
0.3277000825090178,0.28
0.32951906220201027,0.32
0.3181477538975908,0.3
0.31716401874587774,0.29
0.326544336154985,0.35
0.32088957045085276,0.3
0.31110777122473643,0.29
0.299378534997204,0.29
0.2859606955236278,0.28
0.2730971583864602,0.28
0.2622531018660298,0.28
0.259427430138175,0.28
0.260748424638943,0.31
0.3042026441282638,0.32
0.3758436236952518,0.5
0.46754154612300136,0.59
0.6663654699301619,0.82
0.6561225043766794,0.76
0.6445250871404348,0.49
0.6364207640614395,0.43
0.6539700206158822,0.41
0.648873429546819,0.4
0.6281909683002144,0.39
0.6017596570889503,0.35
0.5712330988917714,0.35
0.5419098111056607,0.34
0.5311315616474177,0.33
0.5278277867051516,0.32
0.5284540712472214,0.34
0.5823763350097,0.4
0.8282721476587778,0.63
1.2276564398934784,1.44
0.9733952719398844,0.91
0.9357091582126575,0.66
0.9230989335993611,0.56
0.9020480073288002,0.5
0.8537827956172677,0.51
0.8076713153680476,0.44
0.7627848470641896,0.41
0.7202389232808134,0.4
0.6800504826298032,0.38
0.6421030102569799,0.37
0.6062729036091579,0.38
0.5724421463972671,0.37
0.5404991849589358,0.36
0.5103386791477799,0.36
0.48186116589421396,0.36
0.4549727321947,0.35
0.4295847054961012,0.35
0.4056133612798493,0.34
0.3829796469563334,0.34
0.36160892116569543,0.33
0.3414307076258996,0.33
0.32237846271637177,0.33
0.3043893560307506,0.33
0.2874040631750608,0.33
0.28125109226234624,0.35
0.27249121510145213,0.34
0.292097349693389,0.33
0.3795097197889284,0.42
0.48397383450033366,0.52
0.5555508976487576,0.6
0.5747442820413209,0.39
0.572222954414613,0.36
1.5199648814059947,2.06
0.8884723699523539,1.13
0.7907284464733186,0.53
0.747860015850523,0.47
0.7319938235949777,0.43
0.7140081923965095,0.4
0.6810581137696905,0.4
0.6449680029489571,0.4
0.6121405617074711,0.4
0.5836240610738594,0.4
0.5653292109481758,0.4
0.5425174314896059,0.4
0.5361965797212657,0.4
0.5347004418953313,0.4
0.5279406763383816,0.42
0.5416583201414014,0.38
0.5419404857194701,0.38
0.5609984859485918,0.36
1.004815856520159,1.25
0.7963712929534414,0.7
0.7319181973574582,0.53
0.6890063863336168,0.48
0.6503584683948749,0.46
0.6140488441398877,0.43
0.6601850232060615,0.42
1.4356607118114126,0.55
0.8831068811049312,0.51
0.7735137057322157,0.44
0.8060501352330562,0.41
0.8564130142453309,0.42
1.2856160187635446,0.61
1.8069327664531705,1.41
1.866250758139684,1.48
1.2789660228566584,0.98
1.269617020824333,0.89
1.3299220246398904,1.01
1.3316920306220505,0.93
1.2979626102196284,0.84
1.3041342773241063,0.76
1.2926042203398027,0.73
1.244990840684252,0.69
1.289807559635073,0.68
2.9779928509461064,1.51
2.2829893182177616,1.28
1.9784356315949319,0.98
1.7698427045389513,1.51
3.0612035762973573,1.74
2.478753911342292,3.31
2.6552461115393564,1.76
2.490955231112339,2.73
1.9688290307655842,1.8
1.8589621449925173,1.46
1.8339407725437677,1.26
1.7684295309585427,1.17
1.6781107401301867,1.06
1.595539691986595,1.01
1.5137755493977745,0.94
1.43392950898888,0.87
1.3875366052869613,0.86
1.4388154744422728,0.87
1.4401771453244467,1.12
1.6670041937904905,1.12
2.2085280145546005,1.59
2.3297959089320295,2.51
1.9872171215243162,1.85
1.7534071879757962,1.58
1.6741357659076321,1.33
1.5862693264668417,1.19
1.5305677596693579,1.13
1.4564641531274587,1.05
1.3914179012204737,0.99
1.3332073198055974,0.94
1.2809007018163783,0.9
1.2223522423290862,0.88
1.1648375886703728,0.86
1.1244809171044259,0.84
1.0826371694804617,0.8
1.0318922546908853,0.85
0.9791473912306532,0.85
0.9308319995414115,0.81
0.898670821535896,0.79
0.8575501627881917,0.79
0.8119403595662646,0.76
0.820958683814742,0.75
1.5565501089844378,0.97
2.0029391420863476,1.64
1.190947513769189,1.34
1.0413130415608884,0.94
0.9928433285013993,0.84
0.9428261531450564,0.8
0.9115698689513709,0.79
0.8762854304967371,0.75
0.8287036749505057,0.75
0.7914750252907505,0.73
0.8054938746220967,0.73
1.0593258252502888,0.74
1.0995091592883997,1.14
1.0453760072189326,0.91
1.007256700292718,0.76
0.9776205762910644,0.75
0.9450921895600717,0.71
0.9218624392408166,0.69
0.9743132826492272,0.69
0.9694143187520671,0.73
0.9239988276200403,0.68
0.9021179812066473,0.65
0.8862646893079767,0.62
0.9109649342411529,0.63
1.1040605527108356,1.14
1.2866415171497634,1.04
1.1436311245568995,0.76
1.1732226422363874,0.69
1.9041595574890773,1.7
1.420883018721356,1.72
1.3213280495371191,1.09
1.3229754664127498,1.73
1.271565202037444,0.99
1.2093660208456463,0.85
1.2291230662698156,0.89
1.2105624736679113,0.92
1.1495442148255859,0.76
1.0945342420001158,0.72
1.0470318921192745,0.69
1.0704253565479496,0.73
1.0524583596268584,0.75
1.0367235580478662,0.66
0.9862024297712696,0.67
0.940131384900595,0.63
0.8976247522381914,0.6
0.862854822963466,0.59
0.8181654705129889,0.59
0.7713630224266128,0.58
0.7548008114563652,0.58
0.7286126249133735,0.57
0.7999718268508194,0.68
0.8246723878744655,0.8
0.8147484483247946,0.61
0.8066980171006595,0.73
0.7813916623564396,0.57
0.7817388460981857,0.74
0.7509380959489237,0.55
0.714136976948707,0.52
0.6911318605636285,0.51
0.7614645740573369,0.72
0.7586884765739367,0.64
0.7216318976981656,0.51
0.7028705341618788,0.51
0.7072480059942982,0.55
0.6806057828111912,0.51
0.6570110126335591,0.49
0.6411727914544858,0.53
0.621557947976511,0.5
0.6162921936893128,0.48
0.6362093073617725,0.66
0.6231648899264828,0.49
0.6358126149918162,0.55
0.6213361305777129,0.48
0.5999078809844165,0.45
0.5791288354121894,0.44
0.5563879432410753,0.45
0.535205446994005,0.44
0.53024513997655,0.43
0.5384928036724217,0.42
0.5386699880624669,0.4
0.6153364853754649,1.63
0.6245085158306836,1.17
0.6361761557517854,0.57
0.6321023306016684,0.56
0.6122720827497548,0.48
0.6002709973458583,0.44
0.6067724922424476,0.44
0.6301352209126544,0.45
0.7280854878812246,2.55
0.7440493467692731,1.23
0.7174846766459441,0.68
0.7775195750826288,0.75
0.8250021879745199,1.14
0.8130489735984116,0.75
0.7871412942562687,0.65
0.750946905183542,0.59
0.732279992973188,0.55
0.76315372259342,0.71
0.7634363174980938,0.64
0.7496442641354473,0.82
0.7154646097910836,0.56
0.6775301765839248,0.53
0.6514601197235595,0.54
0.617595849929468,0.49
0.5907779987815504,0.47
0.5638802367224839,0.47
0.5338572089753107,0.47
0.5691746893086638,0.7
0.5769780498478105,0.92
0.5550254636356944,0.5
0.5253942151099916,0.47
0.4975162066199324,0.47
0.4705820502227058,0.46
0.4731910318799892,0.44
0.4821530749332856,0.44
0.5418901526140304,0.85
0.5487542962277022,0.72
0.5309912602182187,0.49
0.5464718762557369,0.47
0.5321629022220118,0.47
0.5047754018193229,0.44
0.47860029401452553,0.43
0.4617732360297977,0.43
0.43812895560710935,0.42
0.41570244070670376,0.4
0.39491318001440534,0.41
0.40507927929804977,0.41
0.39375988732839107,0.4
0.37295141418718136,0.4
0.3525936539427911,0.4
0.3583765586071808,0.4
0.3647423363937134,0.45
0.35087735360446715,0.4
0.34278577690695533,0.37
0.3273872140216477,0.37
0.309846974254647,0.37
0.29317255270035214,0.36
0.28013798912460275,0.37
0.28226168982939914,0.39
0.2912527003412311,0.45
0.31258258130475913,0.51
0.30575015911462944,0.5
0.2997396074849281,0.39
0.2860712905985439,0.37
0.27097599515205284,0.36
0.2570133262203169,0.37
0.24521768039295072,0.37
0.23975700850037804,0.35
0.2293124383514336,0.35
0.2277699295621258,0.35
0.2377527129853112,0.41
0.23840126344782517,0.4
0.2324229143853008,0.36
0.2409024322806513,0.35
0.23837881813408393,0.35
0.23544262586518644,0.35
0.2283475767099753,0.33
0.22575933839941226,0.34
0.22094502920971276,0.35
0.21020567089713327,0.34
0.20416431103149393,0.33
0.19621756400306659,0.33
0.18656910747556715,0.32
0.17715435975927832,0.32
0.16928110705469057,0.32
0.16782569288537838,0.32
0.16725599642802025,0.32
0.16884759754411977,0.32
0.16718500563585145,0.32
0.1604569821422683,0.31
0.1571143873870806,0.31
0.165851376289917,0.34
0.17372950535279516,0.35
0.16957557467793236,0.34
0.17401225243095317,0.32
0.21202931411153683,0.31
0.25409124132012406,0.58
0.2988012767562085,0.39
0.3300257448036557,0.92
0.32510681789381,0.36
0.3144264766726537,0.33
0.3105957240614016,0.32
0.3362373093699234,0.37
0.3335949056854962,0.42
0.3228826049040691,0.32
0.30779723492462085,0.32
0.291378398470957,0.32
0.2774259810303312,0.32
0.27005288876492467,0.31
0.2683539404931114,0.32
0.2615629814172364,0.31
0.25871963851289803,0.34
0.25263081939623067,0.31
0.24467502835992724,0.3
0.23564271595943911,0.3
0.23286793927477176,0.3
0.22926408017595368,0.3
0.22156619412506537,0.3
0.22707309351606864,0.29
0.27453214191922987,0.47
0.31751448989587217,0.35
0.35457732772699974,0.62
0.35631580079055836,0.42
0.35626200626423027,0.35
0.35048035663381216,0.35
0.37178916430922976,0.35
0.4509604916496632,0.54
0.4590029682742322,0.43
0.44671093195517775,0.35
0.4381308911799114,0.34
0.4214188530163796,0.35
0.4071315081927776,0.33
0.39590446123824613,0.33
0.461570942182611,0.48
0.47132649665990844,0.48
0.4512123678347557,0.44
0.4270034263385697,0.38
0.4094205672903408,0.35
0.3963169673178164,0.34
0.39209418725424094,0.34
0.43050771662312576,0.35
0.7881703226924485,1.19
0.5953764091471379,0.67
0.5600632458688044,0.59
0.5345315349575314,0.49
0.521400376047987,0.46
0.5011634299028549,0.43
0.5540460711117335,0.48
0.5860475166161657,0.63
0.5751936721929709,0.52
0.5598763324029874,0.47
0.5545782522037926,0.5
0.5503890957989581,0.44
0.5502966940245615,0.46
0.6521617090713794,0.7
0.7498901801090053,1.21
0.7898874911724938,0.87
1.0856736835032905,1.23
1.232932911061353,1.48
1.0458695020544237,1.13
0.9897174914315309,0.86
0.9350702550782614,0.74
0.8829592528249808,0.67
0.8336958648528472,0.64
0.7871752864086368,0.63
0.7432500183325864,0.58
0.7017757773594587,0.56
0.662615843859577,0.53
0.6256410813668402,0.55
0.7242901033802019,0.8
0.8149956402271515,1.37
0.8981095155333271,0.98
1.6131601635755073,2.39
1.110566586913708,1.44
1.0309930650291625,1.06
1.0381386708277869,1.09
1.6631707635402175,1.42
2.218496220705204,3.17
2.0950827805526036,2.83
2.0643099335326722,2.07
1.4633080160404242,1.51
1.3216054142799765,1.27
1.2417421869359015,1.23
1.171863123170802,1.18
1.10641670377567,1.13
1.044672253009824,1.11
0.9863778213997957,1.05
0.9313367087405368,1.02
0.879366994393369,0.98
0.8302972561348235,0.94
0.7839656687045469,0.91
0.7402194397095598,0.86
0.7076520963823255,0.83
0.669240192829764,0.8
0.632005261183256,0.75
1.3029475211430597,2.08
1.1821969287197522,2.37
0.9442446789879726,1.67
0.9288671975636984,1.43
0.9424267007101097,1.28
0.9557134851168119,1.16
0.9103225989959846,1.1
0.9110444734059269,1.04
0.9069926296591475,1.05
0.8620064885481417,0.99
0.8144742235944618,0.93
0.8084092917023485,0.92
0.9452355998273131,0.96
0.8816446062394705,1.03
0.8306326483191664,0.91
0.7840848448380551,0.91
0.795040860896448,0.86
2.1470985062252685,2.06
1.9303209877453136,3.47
1.7453964868016094,2.34
2.1747231673515914,2.34
1.966357989529571,2.3
1.3640530025415172,2.07
1.2275048563331277,1.77
1.15286499756859,1.57
1.0879432471255621,1.46
1.0271794850172844,1.4
0.9698565522609179,1.31
0.9157369257103211,1.26
0.8646376600518371,1.25
0.8163898329852677,1.21
0.7708342962200407,1.18
0.7899585588744756,1.19
0.8524812670014431,1.22
0.8475042706466651,1.28
0.8707678144796827,1.33
1.0110444510058882,1.57
1.8459529335296943,2.23
2.1588026946200585,2.73
2.320411380904522,2.18
2.7695502634048257,2.22
1.6189885537830486,2.19
1.4503195936654039,2.32
1.3932816874613851,1.97
1.3471130180905333,1.67
1.2809363926081003,1.53
1.2206176934738209,1.45
1.158856650249452,1.34
1.1410687741630532,1.38
1.0831512046358858,1.24
1.0232952239316466,1.23
0.966250361618013,1.18
0.9205681508930109,1.15
0.9059078088860635,1.15
0.8878930980646302,1.11
0.8954971737257746,1.08
0.9366151933177247,1.21
1.2186421188940968,1.52
1.7926745392307415,3.71
1.2603976749222527,2.06
1.1615767337809213,1.72
1.1334361007074494,1.57
1.1999536764977474,1.49
1.4274797377732282,1.73
1.328031337747701,1.5
1.2623862779041253,1.41
1.1924219514445,1.37
1.1504213311584883,1.31
1.1860493071159295,1.29
1.4471239629209576,1.42
1.404289336154708,1.54
1.4281850999261863,1.58
1.4666763008261086,1.67
1.4337514369251647,1.52
1.3883164556641134,1.38
1.3278580163084954,1.31
1.3025288513615918,1.25
1.2739388480682217,1.27
1.2231315100936586,1.19
1.1601475987018106,1.13
1.0975591439539558,1.11
1.0474332027473299,1.05
1.002430438656662,1.03
0.9730958893309826,0.98
0.9501178935342437,0.99
0.9693532112618771,1.01
1.056450693811987,1.05
1.0682145459610355,1.4
1.0645184861533532,1.01
1.0392267647941107,0.97
0.9833942879167268,0.93
0.9310793817706868,0.92
0.887748744012822,0.92
0.8451871955431763,0.88
0.8043098242745519,0.86
0.7626134493487335,0.85
0.7190953278623162,0.82
0.6814386483598963,0.8
0.6476168208390944,0.78
0.6303377168974907,0.84
0.6080982520300453,0.76
0.5770328210676892,0.74
0.5504144181196308,0.74
0.5545038962820101,0.74
0.5718405238230289,0.74
0.575698223522713,0.74
0.5692437163575063,0.71
0.5816940935286982,0.65
0.6417582472133652,0.64
1.862376459448199,1.18
1.0492207944444203,0.95
0.8818264301171079,0.69
0.9273232049078435,0.97
0.9565924519043605,0.84
1.0633563743639516,0.91
1.1782256745724529,1.24
1.1725036974822034,0.76
1.167160496127862,0.74
1.14942217379226,0.7
1.1131513013470467,0.68
1.075033600242092,0.67
1.0345059274352442,0.7
1.0883401315667929,0.65
1.4752117469489405,1.0
1.229363318133875,0.79
1.145426667187425,0.68
1.090668927527465,0.64
1.0336957581999087,0.64
1.018738926270065,0.63
1.2863762680294613,1.03
1.1785520302252963,0.84
1.1350120330651088,0.73
1.105765777275032,0.66
1.5329817403277903,1.01
1.8057367159205362,1.43
1.4062904694791427,1.03
1.3981713512779421,0.86
1.3712834856029466,0.76
1.300466176916546,0.71
1.2269676001028087,0.68
1.2134336033745656,0.75
1.253820897283574,0.95
1.2294025265038746,0.66
1.1896881180522336,0.61
1.1518576846626534,0.6
1.1392844013278052,0.66
1.1530507326970993,0.61
1.175567338166259,0.57
1.153136547828987,0.73
1.116021326025259,0.58
1.076583233878187,0.55
1.0871447311292308,0.56
1.0651435427980804,0.59
1.0295781308932104,0.54
0.9911250482341518,0.52
0.9456610146905565,0.51
0.9068983660656604,0.51
0.8671012652231131,0.51
0.8262774068777338,0.49
0.7870497481655209,0.48
0.749725215717266,0.47
0.710931404975545,0.47
0.6838240350170409,0.47
0.6595422082163444,0.47
0.6382718979624105,0.46
0.6086247702828945,0.46
0.5809857597035092,0.45
0.5561800926788145,0.45
0.5714004982061534,0.44
0.5497449321326295,0.45
0.5347622932801376,0.44
0.5075784547849537,0.44
0.48051016150523085,0.44
0.4570297942358483,0.41
0.43528611780526316,0.4
0.42420576626623596,0.4
0.40589811441108287,0.4
0.39754251294915566,0.41
0.3868615625009093,0.4
0.410231819982374,0.48
0.39427189976108745,0.41
0.4112002486785872,0.41
0.39375915527688077,0.4
0.37175529504935934,0.4
0.3499396476121782,0.4
0.3315170628445032,0.4
0.38069862870419274,0.44
0.4285302266336043,0.51
0.44023176502542566,0.44
0.4252006888775662,0.4
0.47594715295466145,0.55
0.49916013058516606,0.6
0.5275552676153458,0.45
0.5533394091293081,0.58
0.5480366973080759,0.52
0.5228339162003663,0.47
0.5083703293682273,0.4
0.5392345662374136,0.5
0.5413498234110112,0.45
0.5274337064724537,0.46
0.5501842330123697,0.51
0.5396033238974075,0.41
0.5125418213911834,0.38
0.5114245287657063,0.41
0.49280494588805884,0.39
0.46903962765245577,0.37
0.4797531268419075,0.37
0.5223100277291348,0.52
0.5182932783121281,0.39
0.5037617477457768,0.37
0.5145127545680057,0.39
0.6161733944171164,0.38
0.703844619133791,0.85
0.7051190929771857,0.44
0.6777392565242832,0.39
0.6429054554365722,0.37
0.612551622128056,0.36
0.5912807875966594,0.35
0.6260126256977605,0.45
0.6453618171149486,0.42
0.6216690239729609,0.38
0.6266229616959769,0.36
0.7124215676948924,1.09
0.7304064065603479,0.52
0.7377323087512239,0.5
0.9163059533259323,1.16
0.8446359153048931,0.61
0.8031154248314919,0.44
0.7732622575355421,0.44
0.7372062081160691,0.4
0.7011346680064511,0.39
0.6641998741829551,0.37
0.6276267953868516,0.37
0.6372877785583422,0.48
0.6304371954911732,0.43
0.6192597033601978,0.41
0.5981638393380426,0.38
0.5706686716465155,0.37
0.5515016549632957,0.35
0.5853764926471248,0.56
0.5984753395403724,0.4
0.6635856440826595,0.57
0.6530703954796472,0.46
0.6261435614318224,0.4
0.5977866928382363,0.38
0.5688672309541891,0.37
0.5403619427833772,0.37
0.5129138313264131,0.35
0.48674121335455395,0.35
0.4631433037033745,0.35
0.46120342149671495,0.35
0.510333529081296,0.42
0.5057044343829787,0.4
0.5022048703797489,0.37
0.5299659833259348,0.39
0.5315415247879169,0.39
0.5322784931870868,0.37
0.5431992299357735,0.4
0.5645914361321618,0.44
0.5449481842999072,0.38
0.5178330856777758,0.37
0.5019059229093457,0.35
0.48324654935115574,0.35
0.46850278812544566,0.35
0.4521903407092606,0.34
0.428374459452443,0.32
0.40514493336563484,0.32
0.3830065385671766,0.32
0.362701088517777,0.32
0.3478086815027152,0.32
0.3360491498966724,0.32
0.3664253234128011,0.32
0.4234568405543561,0.45
0.4424515996052891,0.38
0.43496951044093646,0.35
0.495967114085332,0.4
0.5127565010272332,0.47
0.5023450254031582,0.38
0.4837222488695685,0.36
0.4761400501047825,0.35
0.5115343634055387,0.59
0.5202704102630066,0.45
0.5022453269178937,0.38
0.4906494172944657,0.37
0.47673882100999654,0.35
0.45353571978884666,0.35
0.4346353629057573,0.35
0.4180450273302375,0.35
0.40099090676194177,0.33
0.39445956857266007,0.32
0.38709479716532874,0.32
0.38825032128969666,0.32
0.39443060129610324,0.32
0.45835734581826654,0.36
1.1676963958398865,1.28
0.7274328240351546,0.76
0.6612851764641479,0.55
0.6439326513940135,0.51
0.6871631893039093,0.45
0.7621492142971912,0.9
0.7887110395410932,0.66
0.7639479026843105,0.52
1.115115437444428,0.63
1.3002002298718882,1.3
1.0771110465765186,0.82
1.0232492761570036,0.64
0.9912080882962674,0.56
0.9633716997172771,0.52
0.9383234302100508,0.48
0.9884684820739049,0.55
0.9895453616235133,0.59
0.9789743513926858,0.53
1.0358605952771511,0.65
1.0622812801367,0.79
1.0130812535606724,0.7
0.9575675161149506,0.64
0.9042315669960487,0.6
0.8537834533511659,0.58
0.8061421437036838,0.54
0.7611585166793087,0.52
0.7186849611102718,0.5
0.6785814748802738,0.47
0.670987617946739,0.46
0.7516131993983357,0.61
1.7612644578015462,1.4
4.91136981263046,5.5
2.617249938035193,4.63
1.7952318813587367,1.81
4.22560665283959,2.82
3.1812688368896334,2.53
1.633379846123321,1.69
1.3755883372827105,1.42
1.2819259158407497,1.27
1.2087699902524542,1.19
1.14116749978734,1.18
1.0774750310928518,1.13
1.1147856549776636,1.08
1.3962190529777672,1.48
1.6011521921738137,1.64
1.8946837542722628,2.4
1.8671810736271317,2.56
2.0540539845899928,2.05
1.5700232284193731,1.69
1.4361582383830735,1.47
1.3512917675257712,1.4
1.275432604512303,1.35
1.2042192781184398,1.31
1.1370184641315901,1.26
1.0735711061200428,1.2
